date,city,temperature,precipitation,holiday,weekend
2023-01-01,Toronto,23.34,0.0,0,1
2023-01-02,Toronto,39.56,0.0,0,0
2023-01-03,Toronto,13.02,0.0,0,0
2023-01-04,Toronto,5.25,1.26,0,0
2023-01-05,Toronto,3.58,0.0,0,0
2023-01-06,Toronto,2.24,5.17,0,0
2023-01-07,Toronto,-18.77,0.0,0,1
2023-01-08,Toronto,2.63,1.39,0,1
2023-01-09,Toronto,-1.74,2.32,0,0
2023-01-10,Toronto,19.3,6.89,0,0
2023-01-11,Toronto,29.85,0.0,0,0
2023-01-12,Toronto,-1.57,0.0,0,0
2023-01-13,Toronto,25.17,0.0,0,0
2023-01-14,Toronto,14.61,0.0,0,1
2023-01-15,Toronto,0.35,0.0,0,1
2023-01-16,Toronto,20.25,0.0,0,0
2023-01-17,Toronto,36.77,3.08,0,0
2023-01-18,Toronto,-0.92,3.71,0,0
2023-01-19,Toronto,-2.21,0.0,0,0
2023-01-20,Toronto,20.47,8.84,0,0
2023-01-21,Toronto,15.71,0.0,0,1
2023-01-22,Toronto,-2.24,9.65,0,1
2023-01-23,Toronto,21.92,0.0,0,0
2023-01-24,Toronto,-0.7,2.94,0,0
2023-01-25,Toronto,7.84,12.45,0,0
2023-01-26,Toronto,-0.97,5.0,0,0
2023-01-27,Toronto,14.46,0.0,0,0
2023-01-28,Toronto,-25.9,0.08,0,1
2023-01-29,Toronto,16.28,9.95,0,1
2023-01-30,Toronto,-1.74,4.37,0,0
2023-01-31,Toronto,5.65,10.64,0,0
2023-02-01,Toronto,9.4,0.0,0,0
2023-02-02,Toronto,12.56,2.96,0,0
2023-02-03,Toronto,30.95,2.03,0,0
2023-02-04,Toronto,16.45,0.0,0,1
2023-02-05,Toronto,-7.33,0.12,0,1
2023-02-06,Toronto,11.56,0.0,0,0
2023-02-07,Toronto,14.25,0.0,0,0
2023-02-08,Toronto,35.47,0.97,0,0
2023-02-09,Toronto,16.46,0.91,0,0
2023-02-10,Toronto,8.6,4.73,0,0
2023-02-11,Toronto,12.07,0.0,0,1
2023-02-12,Toronto,15.03,1.21,0,1
2023-02-13,Toronto,18.74,7.74,0,0
2023-02-14,Toronto,24.88,0.0,0,0
2023-02-15,Toronto,-35.43,13.29,0,0
2023-02-16,Toronto,17.87,3.89,0,0
2023-02-17,Toronto,-0.68,0.0,0,0
2023-02-18,Toronto,-20.04,0.31,0,1
2023-02-19,Toronto,12.3,10.43,0,1
2023-02-20,Toronto,13.65,5.35,0,0
2023-02-21,Toronto,2.01,0.0,0,0
2023-02-22,Toronto,-12.1,0.0,0,0
2023-02-23,Toronto,-8.57,0.18,0,0
2023-02-24,Toronto,-14.96,0.0,0,0
2023-02-25,Toronto,9.41,0.0,0,1
2023-02-26,Toronto,32.23,10.91,0,1
2023-02-27,Toronto,25.49,3.96,0,0
2023-02-28,Toronto,14.89,4.66,0,0
2023-03-01,Toronto,11.29,2.91,0,0
2023-03-02,Toronto,-14.92,2.58,0,0
2023-03-03,Toronto,17.48,3.69,0,0
2023-03-04,Toronto,27.22,9.35,0,1
2023-03-05,Toronto,2.12,0.0,0,1
2023-03-06,Toronto,28.84,5.33,0,0
2023-03-07,Toronto,1.41,0.88,0,0
2023-03-08,Toronto,5.44,3.35,0,0
2023-03-09,Toronto,31.55,0.0,0,0
2023-03-10,Toronto,14.39,3.28,0,0
2023-03-11,Toronto,-19.8,14.52,0,1
2023-03-12,Toronto,13.14,7.78,0,1
2023-03-13,Toronto,-14.27,11.64,0,0
2023-03-14,Toronto,4.71,0.0,0,0
2023-03-15,Toronto,-11.33,0.0,0,0
2023-03-16,Toronto,-1.6,0.0,0,0
2023-03-17,Toronto,22.16,2.9,0,0
2023-03-18,Toronto,17.67,4.15,0,1
2023-03-19,Toronto,6.32,0.0,0,1
2023-03-20,Toronto,-12.67,0.0,0,0
2023-03-21,Toronto,-6.38,10.47,0,0
2023-03-22,Toronto,-12.44,9.39,0,0
2023-03-23,Toronto,-5.81,0.0,0,0
2023-03-24,Toronto,16.32,8.34,0,0
2023-03-25,Toronto,-14.36,1.55,0,1
2023-03-26,Toronto,27.81,6.55,0,1
2023-03-27,Toronto,-13.17,0.98,0,0
2023-03-28,Toronto,-14.14,3.87,0,0
2023-03-29,Toronto,12.48,4.83,0,0
2023-03-30,Toronto,-4.33,0.0,0,0
2023-03-31,Toronto,24.83,7.15,0,0
2023-04-01,Toronto,35.08,9.11,0,1
2023-04-02,Toronto,-14.73,8.12,0,1
2023-04-03,Toronto,9.48,5.64,0,0
2023-04-04,Toronto,4.93,0.0,0,0
2023-04-05,Toronto,5.73,2.32,0,0
2023-04-06,Toronto,14.35,6.87,0,0
2023-04-07,Toronto,-5.57,0.0,0,0
2023-04-08,Toronto,-14.45,0.89,0,1
2023-04-09,Toronto,-3.12,0.34,0,1
2023-04-10,Toronto,10.37,0.0,0,0
2023-04-11,Toronto,1.67,3.81,0,0
2023-04-12,Toronto,11.03,0.13,0,0
2023-04-13,Toronto,9.47,0.64,0,0
2023-04-14,Toronto,-4.95,0.0,0,0
2023-04-15,Toronto,50.31,5.14,0,1
2023-04-16,Toronto,26.22,5.02,0,1
2023-04-17,Toronto,30.89,4.87,0,0
2023-04-18,Toronto,-21.57,0.0,0,0
2023-04-19,Toronto,13.54,3.04,0,0
2023-04-20,Toronto,11.97,0.0,0,0
2023-04-21,Toronto,1.58,3.24,0,0
2023-04-22,Toronto,10.54,5.88,0,1
2023-04-23,Toronto,-6.12,4.43,0,1
2023-04-24,Toronto,1.41,0.22,0,0
2023-04-25,Toronto,9.16,0.0,0,0
2023-04-26,Toronto,11.91,8.29,0,0
2023-04-27,Toronto,-8.24,11.29,0,0
2023-04-28,Toronto,0.29,4.95,0,0
2023-04-29,Toronto,-9.85,12.8,0,1
2023-04-30,Toronto,-5.9,3.04,0,1
2023-05-01,Toronto,1.96,1.75,0,0
2023-05-02,Toronto,11.68,0.37,0,0
2023-05-03,Toronto,-0.2,1.76,0,0
2023-05-04,Toronto,8.97,3.62,0,0
2023-05-05,Toronto,17.27,6.05,0,0
2023-05-06,Toronto,18.42,2.66,0,1
2023-05-07,Toronto,6.15,0.0,0,1
2023-05-08,Toronto,12.33,7.47,0,0
2023-05-09,Toronto,-1.51,0.0,0,0
2023-05-10,Toronto,29.58,10.16,0,0
2023-05-11,Toronto,-2.52,14.76,0,0
2023-05-12,Toronto,16.26,6.62,0,0
2023-05-13,Toronto,4.72,3.29,0,1
2023-05-14,Toronto,16.39,0.0,0,1
2023-05-15,Toronto,34.8,1.8,0,0
2023-05-16,Toronto,2.5,0.0,0,0
2023-05-17,Toronto,18.44,3.28,0,0
2023-05-18,Toronto,-4.63,2.7,0,0
2023-05-19,Toronto,17.32,0.03,0,0
2023-05-20,Toronto,15.6,2.02,0,1
2023-05-21,Toronto,6.71,0.0,0,1
2023-05-22,Toronto,12.99,0.0,0,0
2023-05-23,Toronto,31.57,7.94,0,0
2023-05-24,Toronto,-5.37,0.0,0,0
2023-05-25,Toronto,27.54,1.17,0,0
2023-05-26,Toronto,10.9,2.12,0,0
2023-05-27,Toronto,-9.71,5.93,0,1
2023-05-28,Toronto,16.73,2.09,0,1
2023-05-29,Toronto,-24.03,4.52,0,0
2023-05-30,Toronto,15.67,1.53,0,0
2023-05-31,Toronto,24.48,7.64,0,0
2023-06-01,Toronto,15.04,0.0,0,0
2023-06-02,Toronto,-8.98,0.0,0,0
2023-06-03,Toronto,6.27,6.21,0,1
2023-06-04,Toronto,14.94,1.17,0,1
2023-06-05,Toronto,19.43,0.0,0,0
2023-06-06,Toronto,19.4,3.14,0,0
2023-06-07,Toronto,17.85,6.23,0,0
2023-06-08,Toronto,9.29,0.0,0,0
2023-06-09,Toronto,0.11,5.91,0,0
2023-06-10,Toronto,1.53,0.0,0,1
2023-06-11,Toronto,10.93,7.47,0,1
2023-06-12,Toronto,16.87,10.7,0,0
2023-06-13,Toronto,16.02,3.81,0,0
2023-06-14,Toronto,6.49,0.0,0,0
2023-06-15,Toronto,12.21,2.21,0,0
2023-06-16,Toronto,19.95,3.52,0,0
2023-06-17,Toronto,14.04,7.68,0,1
2023-06-18,Toronto,6.08,6.19,0,1
2023-06-19,Toronto,29.33,0.0,0,0
2023-06-20,Toronto,3.88,0.0,0,0
2023-06-21,Toronto,-10.36,11.22,0,0
2023-06-22,Toronto,57.78,3.05,0,0
2023-06-23,Toronto,5.04,10.69,0,0
2023-06-24,Toronto,19.02,0.0,0,1
2023-06-25,Toronto,-3.17,6.09,0,1
2023-06-26,Toronto,15.75,7.61,0,0
2023-06-27,Toronto,20.56,0.0,0,0
2023-06-28,Toronto,-1.6,0.0,0,0
2023-06-29,Toronto,13.26,1.38,0,0
2023-06-30,Toronto,3.16,0.45,0,0
2023-07-01,Toronto,20.11,1.1,0,1
2023-07-02,Toronto,-0.22,0.0,0,1
2023-07-03,Toronto,-3.54,7.34,0,0
2023-07-04,Toronto,-0.02,11.07,0,0
2023-07-05,Toronto,19.44,0.0,0,0
2023-07-06,Toronto,0.81,0.0,0,0
2023-07-07,Toronto,3.4,11.74,0,0
2023-07-08,Toronto,34.5,10.04,0,1
2023-07-09,Toronto,19.14,1.11,0,1
2023-07-10,Toronto,11.47,4.72,0,0
2023-07-11,Toronto,9.76,0.0,0,0
2023-07-12,Toronto,8.92,0.0,0,0
2023-07-13,Toronto,18.92,0.0,0,0
2023-07-14,Toronto,18.55,0.0,0,0
2023-07-15,Toronto,7.51,3.37,0,1
2023-07-16,Toronto,7.54,5.2,0,1
2023-07-17,Toronto,16.72,0.0,0,0
2023-07-18,Toronto,1.15,0.0,0,0
2023-07-19,Toronto,-2.07,12.49,0,0
2023-07-20,Toronto,0.54,7.46,0,0
2023-07-21,Toronto,12.46,0.22,0,0
2023-07-22,Toronto,12.91,3.27,0,1
2023-07-23,Toronto,-16.37,1.61,0,1
2023-07-24,Toronto,10.1,0.35,0,0
2023-07-25,Toronto,-21.84,0.34,0,0
2023-07-26,Toronto,34.2,4.75,0,0
2023-07-27,Toronto,-5.79,6.47,0,0
2023-07-28,Toronto,-6.61,3.34,0,0
2023-07-29,Toronto,14.16,0.16,0,1
2023-07-30,Toronto,25.63,5.77,0,1
2023-07-31,Toronto,-1.63,0.55,0,0
2023-08-01,Toronto,-2.85,0.0,0,0
2023-08-02,Toronto,19.75,1.93,0,0
2023-08-03,Toronto,25.44,0.0,0,0
2023-08-04,Toronto,14.14,6.16,0,0
2023-08-05,Toronto,11.52,0.0,0,1
2023-08-06,Toronto,-5.75,6.54,0,1
2023-08-07,Toronto,2.01,0.0,0,0
2023-08-08,Toronto,4.92,0.73,0,0
2023-08-09,Toronto,27.79,0.0,0,0
2023-08-10,Toronto,18.64,9.3,0,0
2023-08-11,Toronto,24.18,13.62,0,0
2023-08-12,Toronto,3.14,6.46,0,1
2023-08-13,Toronto,8.71,0.0,0,1
2023-08-14,Toronto,-23.3,0.0,0,0
2023-08-15,Toronto,25.98,0.0,0,0
2023-08-16,Toronto,41.46,4.05,0,0
2023-08-17,Toronto,-6.58,3.14,0,0
2023-08-18,Toronto,20.3,0.0,0,0
2023-08-19,Toronto,0.64,11.87,0,1
2023-08-20,Toronto,4.9,1.28,0,1
2023-08-21,Toronto,29.85,1.64,0,0
2023-08-22,Toronto,21.47,0.0,0,0
2023-08-23,Toronto,-0.47,3.9,0,0
2023-08-24,Toronto,-4.71,4.04,0,0
2023-08-25,Toronto,-3.77,3.99,0,0
2023-08-26,Toronto,28.53,0.0,0,1
2023-08-27,Toronto,3.83,0.0,0,1
2023-08-28,Toronto,5.6,3.68,0,0
2023-08-29,Toronto,4.9,0.0,0,0
2023-08-30,Toronto,23.48,0.0,0,0
2023-08-31,Toronto,22.53,0.0,0,0
2023-09-01,Toronto,-3.06,2.05,0,0
2023-09-02,Toronto,25.99,11.78,0,1
2023-09-03,Toronto,3.85,0.0,0,1
2023-09-04,Toronto,15.19,0.0,0,0
2023-09-05,Toronto,21.16,4.22,0,0
2023-09-06,Toronto,30.32,7.27,0,0
2023-09-07,Toronto,12.09,2.16,0,0
2023-09-08,Toronto,-3.31,0.0,0,0
2023-09-09,Toronto,9.38,0.0,0,1
2023-09-10,Toronto,5.98,0.0,0,1
2023-09-11,Toronto,18.89,1.89,0,0
2023-09-12,Toronto,24.92,0.49,0,0
2023-09-13,Toronto,-7.54,4.75,0,0
2023-09-14,Toronto,8.14,0.65,0,0
2023-09-15,Toronto,3.67,1.94,0,0
2023-09-16,Toronto,5.94,4.58,0,1
2023-09-17,Toronto,21.1,0.15,0,1
2023-09-18,Toronto,39.99,0.0,0,0
2023-09-19,Toronto,10.27,0.0,0,0
2023-09-20,Toronto,8.43,0.98,0,0
2023-09-21,Toronto,9.26,6.88,0,0
2023-09-22,Toronto,35.19,7.54,0,0
2023-09-23,Toronto,8.46,2.98,0,1
2023-09-24,Toronto,32.85,0.0,0,1
2023-09-25,Toronto,21.77,0.0,0,0
2023-09-26,Toronto,27.15,1.33,0,0
2023-09-27,Toronto,-3.19,0.0,0,0
2023-09-28,Toronto,2.52,6.76,0,0
2023-09-29,Toronto,30.09,0.0,0,0
2023-09-30,Toronto,-3.09,12.15,0,1
2023-10-01,Toronto,22.29,0.0,0,1
2023-10-02,Toronto,15.39,0.0,0,0
2023-10-03,Toronto,-9.28,0.45,0,0
2023-10-04,Toronto,-10.56,0.0,0,0
2023-10-05,Toronto,4.2,0.0,0,0
2023-10-06,Toronto,23.66,4.02,0,0
2023-10-07,Toronto,0.41,3.61,0,1
2023-10-08,Toronto,29.59,0.0,0,1
2023-10-09,Toronto,-9.71,0.0,0,0
2023-10-10,Toronto,15.65,9.45,0,0
2023-10-11,Toronto,22.72,8.42,0,0
2023-10-12,Toronto,-22.99,0.0,0,0
2023-10-13,Toronto,-6.77,4.79,0,0
2023-10-14,Toronto,7.01,0.0,0,1
2023-10-15,Toronto,21.4,7.84,0,1
2023-10-16,Toronto,40.14,2.83,0,0
2023-10-17,Toronto,19.29,0.0,0,0
2023-10-18,Toronto,-14.63,8.22,0,0
2023-10-19,Toronto,18.21,8.24,0,0
2023-10-20,Toronto,6.16,13.85,0,0
2023-10-21,Toronto,14.7,0.0,0,1
2023-10-22,Toronto,5.23,0.0,0,1
2023-10-23,Toronto,-4.14,0.06,0,0
2023-10-24,Toronto,33.25,1.67,0,0
2023-10-25,Toronto,26.27,1.5,0,0
2023-10-26,Toronto,-5.39,4.73,0,0
2023-10-27,Toronto,-2.67,0.01,0,0
2023-10-28,Toronto,40.47,5.02,0,1
2023-10-29,Toronto,-2.3,5.66,0,1
2023-10-30,Toronto,-4.07,0.0,0,0
2023-10-31,Toronto,26.39,3.47,0,0
2023-11-01,Toronto,7.04,0.0,0,0
2023-11-02,Toronto,5.27,2.96,0,0
2023-11-03,Toronto,-7.48,2.21,0,0
2023-11-04,Toronto,33.25,3.13,0,1
2023-11-05,Toronto,18.77,0.0,0,1
2023-11-06,Toronto,-5.77,0.0,0,0
2023-11-07,Toronto,25.82,1.51,0,0
2023-11-08,Toronto,6.97,0.0,0,0
2023-11-09,Toronto,-9.07,8.84,0,0
2023-11-10,Toronto,6.88,0.0,0,0
2023-11-11,Toronto,11.2,0.0,0,1
2023-11-12,Toronto,14.69,0.0,0,1
2023-11-13,Toronto,11.85,1.74,0,0
2023-11-14,Toronto,37.83,11.55,0,0
2023-11-15,Toronto,21.81,1.56,0,0
2023-11-16,Toronto,22.05,5.86,0,0
2023-11-17,Toronto,2.95,0.0,0,0
2023-11-18,Toronto,-18.55,1.4,0,1
2023-11-19,Toronto,2.43,0.0,0,1
2023-11-20,Toronto,-2.07,0.0,0,0
2023-11-21,Toronto,19.82,0.0,0,0
2023-11-22,Toronto,18.82,0.62,0,0
2023-11-23,Toronto,31.61,3.33,0,0
2023-11-24,Toronto,-16.0,0.0,0,0
2023-11-25,Toronto,-7.14,3.32,0,1
2023-11-26,Toronto,-15.69,2.55,0,1
2023-11-27,Toronto,20.54,0.0,0,0
2023-11-28,Toronto,-3.32,0.0,0,0
2023-11-29,Toronto,32.65,11.13,0,0
2023-11-30,Toronto,28.3,0.62,0,0
2023-12-01,Toronto,9.2,5.43,0,0
2023-12-02,Toronto,12.2,0.0,0,1
2023-12-03,Toronto,23.77,8.09,0,1
2023-12-04,Toronto,26.08,4.26,0,0
2023-12-05,Toronto,24.37,0.0,0,0
2023-12-06,Toronto,8.6,0.0,0,0
2023-12-07,Toronto,31.77,2.92,0,0
2023-12-08,Toronto,7.61,0.0,0,0
2023-12-09,Toronto,-5.89,0.0,0,1
2023-12-10,Toronto,21.18,4.99,0,1
2023-12-11,Toronto,13.75,5.96,0,0
2023-12-12,Toronto,-2.08,0.0,0,0
2023-12-13,Toronto,20.25,1.72,0,0
2023-12-14,Toronto,22.49,4.13,0,0
2023-12-15,Toronto,8.9,3.03,0,0
2023-12-16,Toronto,31.14,0.55,0,1
2023-12-17,Toronto,21.05,3.55,0,1
2023-12-18,Toronto,-15.12,0.0,0,0
2023-12-19,Toronto,9.41,0.0,0,0
2023-12-20,Toronto,-4.25,7.35,0,0
2023-12-21,Toronto,-12.43,1.01,0,0
2023-12-22,Toronto,-3.11,9.41,0,0
2023-12-23,Toronto,47.76,0.44,0,1
2023-12-24,Toronto,22.73,8.35,1,1
2023-12-25,Toronto,23.48,5.96,1,0
2023-12-26,Toronto,-16.59,7.88,0,0
2023-12-27,Toronto,15.39,0.85,0,0
2023-12-28,Toronto,8.83,3.29,0,0
2023-12-29,Toronto,6.19,0.23,0,0
2023-12-30,Toronto,-4.67,4.55,0,1
2023-12-31,Toronto,7.58,0.0,1,1
2024-01-01,Toronto,11.47,2.21,0,0
2024-01-02,Toronto,17.59,1.85,0,0
2024-01-03,Toronto,19.25,0.63,0,0
2024-01-04,Toronto,6.98,3.39,0,0
2024-01-05,Toronto,15.81,8.06,0,0
2024-01-06,Toronto,25.72,1.78,0,1
2024-01-07,Toronto,-11.15,5.42,0,1
2024-01-08,Toronto,17.92,3.09,0,0
2024-01-09,Toronto,21.6,0.16,0,0
2024-01-10,Toronto,-13.93,0.0,0,0
2024-01-11,Toronto,-33.45,4.22,0,0
2024-01-12,Toronto,9.01,6.3,0,0
2024-01-13,Toronto,21.3,0.0,0,1
2024-01-14,Toronto,-2.37,0.0,0,1
2024-01-15,Toronto,38.73,1.24,0,0
2024-01-16,Toronto,5.9,3.46,0,0
2024-01-17,Toronto,-13.8,0.01,0,0
2024-01-18,Toronto,-2.85,0.0,0,0
2024-01-19,Toronto,6.07,2.24,0,0
2024-01-20,Toronto,-8.82,0.17,0,1
2024-01-21,Toronto,11.2,4.26,0,1
2024-01-22,Toronto,5.91,3.65,0,0
2024-01-23,Toronto,4.72,8.41,0,0
2024-01-24,Toronto,18.16,0.0,0,0
2024-01-25,Toronto,2.57,3.96,0,0
2024-01-26,Toronto,2.12,0.0,0,0
2024-01-27,Toronto,14.44,0.08,0,1
2024-01-28,Toronto,20.2,2.2,0,1
2024-01-29,Toronto,19.69,14.6,0,0
2024-01-30,Toronto,29.23,0.25,0,0
2024-01-31,Toronto,16.35,2.59,0,0
2024-02-01,Toronto,14.03,0.0,0,0
2024-02-02,Toronto,25.82,0.0,0,0
2024-02-03,Toronto,9.74,0.0,0,1
2024-02-04,Toronto,-0.55,3.05,0,1
2024-02-05,Toronto,23.03,7.11,0,0
2024-02-06,Toronto,7.1,6.95,0,0
2024-02-07,Toronto,9.06,0.0,0,0
2024-02-08,Toronto,15.6,0.0,0,0
2024-02-09,Toronto,8.0,0.0,0,0
2024-02-10,Toronto,-13.25,3.65,0,1
2024-02-11,Toronto,12.16,7.75,0,1
2024-02-12,Toronto,-18.03,0.0,0,0
2024-02-13,Toronto,26.92,4.65,0,0
2024-02-14,Toronto,20.87,9.26,0,0
2024-02-15,Toronto,-1.47,0.0,0,0
2024-02-16,Toronto,22.84,5.17,0,0
2024-02-17,Toronto,8.12,1.23,0,1
2024-02-18,Toronto,-4.56,9.89,0,1
2024-02-19,Toronto,40.4,7.59,0,0
2024-02-20,Toronto,19.79,4.95,0,0
2024-02-21,Toronto,14.97,0.0,0,0
2024-02-22,Toronto,2.86,6.1,0,0
2024-02-23,Toronto,-2.7,2.78,0,0
2024-02-24,Toronto,27.35,7.86,0,1
2024-02-25,Toronto,24.06,3.42,0,1
2024-02-26,Toronto,21.97,0.79,0,0
2024-02-27,Toronto,35.55,0.0,0,0
2024-02-28,Toronto,11.02,0.0,0,0
2024-02-29,Toronto,20.24,0.3,0,0
2024-03-01,Toronto,46.27,6.58,0,0
2024-03-02,Toronto,-4.98,0.0,0,1
2024-03-03,Toronto,-7.07,4.81,0,1
2024-03-04,Toronto,6.05,0.0,0,0
2024-03-05,Toronto,-0.85,6.15,0,0
2024-03-06,Toronto,5.03,0.0,0,0
2024-03-07,Toronto,24.92,9.81,0,0
2024-03-08,Toronto,-6.71,7.89,0,0
2024-03-09,Toronto,8.34,6.59,0,1
2024-03-10,Toronto,19.83,2.1,0,1
2024-03-11,Toronto,10.94,5.34,0,0
2024-03-12,Toronto,-6.45,0.0,0,0
2024-03-13,Toronto,41.21,7.84,0,0
2024-03-14,Toronto,24.89,1.22,0,0
2024-03-15,Toronto,-14.58,0.0,0,0
2024-03-16,Toronto,16.15,7.75,0,1
2024-03-17,Toronto,16.42,4.28,0,1
2024-03-18,Toronto,7.43,5.25,0,0
2024-03-19,Toronto,-3.64,2.62,0,0
2024-03-20,Toronto,6.56,9.23,0,0
2024-03-21,Toronto,-32.84,1.24,0,0
2024-03-22,Toronto,13.74,0.0,0,0
2024-03-23,Toronto,21.11,1.34,0,1
2024-03-24,Toronto,-4.31,7.09,0,1
2024-03-25,Toronto,-1.16,6.04,0,0
2024-03-26,Toronto,12.8,0.0,0,0
2024-03-27,Toronto,-5.14,0.0,0,0
2024-03-28,Toronto,23.2,7.77,0,0
2024-03-29,Toronto,20.42,1.85,0,0
2024-03-30,Toronto,20.39,3.58,0,1
2024-03-31,Toronto,0.97,0.0,0,1
2024-04-01,Toronto,5.3,0.0,0,0
2024-04-02,Toronto,11.95,10.03,0,0
2024-04-03,Toronto,14.2,9.35,0,0
2024-04-04,Toronto,10.01,1.16,0,0
2024-04-05,Toronto,-12.73,5.2,0,0
2024-04-06,Toronto,0.16,0.0,0,1
2024-04-07,Toronto,-5.2,3.77,0,1
2024-04-08,Toronto,1.33,10.23,0,0
2024-04-09,Toronto,26.79,0.0,0,0
2024-04-10,Toronto,-25.61,2.59,0,0
2024-04-11,Toronto,5.35,6.45,0,0
2024-04-12,Toronto,10.2,7.75,0,0
2024-04-13,Toronto,17.4,0.0,0,1
2024-04-14,Toronto,-1.2,0.0,0,1
2024-04-15,Toronto,7.47,0.65,0,0
2024-04-16,Toronto,20.78,4.51,0,0
2024-04-17,Toronto,3.68,5.31,0,0
2024-04-18,Toronto,-7.57,5.5,0,0
2024-04-19,Toronto,23.03,3.38,0,0
2024-04-20,Toronto,17.89,5.29,0,1
2024-04-21,Toronto,25.72,5.71,0,1
2024-04-22,Toronto,28.11,0.0,0,0
2024-04-23,Toronto,11.99,1.77,0,0
2024-04-24,Toronto,12.28,6.5,0,0
2024-04-25,Toronto,11.93,2.44,0,0
2024-04-26,Toronto,17.01,0.0,0,0
2024-04-27,Toronto,33.34,1.48,0,1
2024-04-28,Toronto,32.16,0.0,0,1
2024-04-29,Toronto,-3.69,0.86,0,0
2024-04-30,Toronto,10.54,0.0,0,0
2024-05-01,Toronto,-2.07,3.85,0,0
2024-05-02,Toronto,31.75,10.3,0,0
2024-05-03,Toronto,5.6,0.0,0,0
2024-05-04,Toronto,6.06,10.56,0,1
2024-05-05,Toronto,25.43,3.93,0,1
2024-05-06,Toronto,2.99,6.56,0,0
2024-05-07,Toronto,43.94,1.29,0,0
2024-05-08,Toronto,-19.55,0.0,0,0
2024-05-09,Toronto,10.94,1.22,0,0
2024-05-10,Toronto,30.41,0.0,0,0
2024-05-11,Toronto,7.38,0.0,0,1
2024-05-12,Toronto,21.68,0.0,0,1
2024-05-13,Toronto,6.48,0.0,0,0
2024-05-14,Toronto,2.07,10.31,0,0
2024-05-15,Toronto,36.64,5.37,0,0
2024-05-16,Toronto,16.62,0.0,0,0
2024-05-17,Toronto,12.99,2.83,0,0
2024-05-18,Toronto,10.26,6.03,0,1
2024-05-19,Toronto,-4.15,14.81,0,1
2024-05-20,Toronto,34.37,0.0,0,0
2024-05-21,Toronto,11.61,0.0,0,0
2024-05-22,Toronto,19.54,1.55,0,0
2024-05-23,Toronto,-18.23,0.0,0,0
2024-05-24,Toronto,29.9,0.91,0,0
2024-05-25,Toronto,6.58,5.35,0,1
2024-05-26,Toronto,24.1,1.55,0,1
2024-05-27,Toronto,-22.49,0.0,0,0
2024-05-28,Toronto,-22.16,0.0,0,0
2024-05-29,Toronto,11.16,2.23,0,0
2024-05-30,Toronto,29.13,1.84,0,0
2024-05-31,Toronto,-3.17,8.01,0,0
2024-06-01,Toronto,36.27,6.58,0,1
2024-06-02,Toronto,8.99,0.46,0,1
2024-06-03,Toronto,-7.87,0.0,0,0
2024-06-04,Toronto,3.27,0.0,0,0
2024-06-05,Toronto,4.98,0.59,0,0
2024-06-06,Toronto,29.12,0.0,0,0
2024-06-07,Toronto,12.59,0.0,0,0
2024-06-08,Toronto,-19.34,0.0,0,1
2024-06-09,Toronto,10.28,8.36,0,1
2024-06-10,Toronto,5.96,0.0,0,0
2024-06-11,Toronto,-0.53,0.0,0,0
2024-06-12,Toronto,-42.83,0.0,0,0
2024-06-13,Toronto,22.02,0.0,0,0
2024-06-14,Toronto,3.77,0.56,0,0
2024-06-15,Toronto,20.75,2.58,0,1
2024-06-16,Toronto,16.33,0.0,0,1
2024-06-17,Toronto,-16.37,0.0,0,0
2024-06-18,Toronto,7.86,7.79,0,0
2024-06-19,Toronto,-11.42,12.44,0,0
2024-06-20,Toronto,12.59,0.0,0,0
2024-06-21,Toronto,-2.2,1.2,0,0
2024-06-22,Toronto,8.98,2.07,0,1
2024-06-23,Toronto,19.56,0.0,0,1
2024-06-24,Toronto,11.6,0.33,0,0
2024-06-25,Toronto,34.7,0.0,0,0
2024-06-26,Toronto,42.18,0.0,0,0
2024-06-27,Toronto,-6.28,0.52,0,0
2024-06-28,Toronto,13.24,0.18,0,0
2024-06-29,Toronto,18.96,0.0,0,1
2024-06-30,Toronto,0.35,0.0,0,1
2024-07-01,Toronto,28.91,3.92,0,0
2024-07-02,Toronto,-7.35,0.0,0,0
2024-07-03,Toronto,-9.86,15.63,0,0
2024-07-04,Toronto,12.75,0.0,0,0
2024-07-05,Toronto,-10.4,0.0,0,0
2024-07-06,Toronto,14.39,0.0,0,1
2024-07-07,Toronto,-10.48,0.74,0,1
2024-07-08,Toronto,8.76,0.0,0,0
2024-07-09,Toronto,3.77,0.0,0,0
2024-07-10,Toronto,16.69,0.0,0,0
2024-07-11,Toronto,7.53,10.9,0,0
2024-07-12,Toronto,4.51,0.0,0,0
2024-07-13,Toronto,8.25,0.46,0,1
2024-07-14,Toronto,12.77,2.84,0,1
2024-07-15,Toronto,24.43,0.0,0,0
2024-07-16,Toronto,-2.54,0.0,0,0
2024-07-17,Toronto,0.15,3.43,0,0
2024-07-18,Toronto,-10.76,0.0,0,0
2024-07-19,Toronto,10.75,8.02,0,0
2024-07-20,Toronto,-3.27,3.75,0,1
2024-07-21,Toronto,6.87,4.52,0,1
2024-07-22,Toronto,10.89,2.14,0,0
2024-07-23,Toronto,48.29,16.65,0,0
2024-07-24,Toronto,6.05,0.0,0,0
2024-07-25,Toronto,13.63,5.02,0,0
2024-07-26,Toronto,29.81,0.0,0,0
2024-07-27,Toronto,3.84,0.0,0,1
2024-07-28,Toronto,-2.11,0.0,0,1
2024-07-29,Toronto,6.63,5.52,0,0
2024-07-30,Toronto,-8.67,2.44,0,0
2024-07-31,Toronto,16.3,10.22,0,0
2024-08-01,Toronto,19.53,1.57,0,0
2024-08-02,Toronto,14.67,5.81,0,0
2024-08-03,Toronto,11.81,5.93,0,1
2024-08-04,Toronto,5.01,8.0,0,1
2024-08-05,Toronto,2.36,0.0,0,0
2024-08-06,Toronto,2.98,0.0,0,0
2024-08-07,Toronto,21.32,0.0,0,0
2024-08-08,Toronto,3.5,3.62,0,0
2024-08-09,Toronto,10.18,1.79,0,0
2024-08-10,Toronto,7.86,2.82,0,1
2024-08-11,Toronto,-5.04,0.0,0,1
2024-08-12,Toronto,6.14,4.28,0,0
2024-08-13,Toronto,24.14,1.34,0,0
2024-08-14,Toronto,21.01,2.45,0,0
2024-08-15,Toronto,8.94,5.92,0,0
2024-08-16,Toronto,-11.71,4.21,0,0
2024-08-17,Toronto,-0.28,7.19,0,1
2024-08-18,Toronto,0.13,0.45,0,1
2024-08-19,Toronto,-13.47,3.84,0,0
2024-08-20,Toronto,3.74,0.0,0,0
2024-08-21,Toronto,10.41,0.0,0,0
2024-08-22,Toronto,-0.4,1.07,0,0
2024-08-23,Toronto,31.97,2.92,0,0
2024-08-24,Toronto,15.94,2.31,0,1
2024-08-25,Toronto,61.15,6.49,0,1
2024-08-26,Toronto,-20.5,3.11,0,0
2024-08-27,Toronto,26.35,0.0,0,0
2024-08-28,Toronto,11.57,0.0,0,0
2024-08-29,Toronto,-2.82,8.68,0,0
2024-08-30,Toronto,0.05,0.0,0,0
2024-08-31,Toronto,-3.52,0.0,0,1
2024-09-01,Toronto,1.8,0.0,0,1
2024-09-02,Toronto,-7.82,1.86,0,0
2024-09-03,Toronto,-27.95,2.51,0,0
2024-09-04,Toronto,24.64,0.0,0,0
2024-09-05,Toronto,15.31,0.74,0,0
2024-09-06,Toronto,45.28,6.87,0,0
2024-09-07,Toronto,-3.0,8.46,0,1
2024-09-08,Toronto,46.17,0.92,0,1
2024-09-09,Toronto,17.3,7.06,0,0
2024-09-10,Toronto,-6.79,0.0,0,0
2024-09-11,Toronto,12.39,0.0,0,0
2024-09-12,Toronto,6.73,7.12,0,0
2024-09-13,Toronto,18.48,4.79,0,0
2024-09-14,Toronto,8.07,0.0,0,1
2024-09-15,Toronto,-0.63,10.72,0,1
2024-09-16,Toronto,43.84,7.39,0,0
2024-09-17,Toronto,5.79,0.0,0,0
2024-09-18,Toronto,50.82,4.27,0,0
2024-09-19,Toronto,16.48,0.0,0,0
2024-09-20,Toronto,20.32,0.96,0,0
2024-09-21,Toronto,-5.83,0.31,0,1
2024-09-22,Toronto,16.04,9.67,0,1
2024-09-23,Toronto,-13.62,0.0,0,0
2024-09-24,Toronto,3.6,0.0,0,0
2024-09-25,Toronto,10.04,0.0,0,0
2024-09-26,Toronto,11.87,2.84,0,0
2024-09-27,Toronto,-10.31,0.96,0,0
2024-09-28,Toronto,-1.98,7.69,0,1
2024-09-29,Toronto,-0.19,0.0,0,1
2024-09-30,Toronto,-3.62,1.85,0,0
2024-10-01,Toronto,7.72,9.41,0,0
2024-10-02,Toronto,9.55,8.73,0,0
2024-10-03,Toronto,33.07,0.23,0,0
2024-10-04,Toronto,7.37,0.0,0,0
2024-10-05,Toronto,-8.42,13.79,0,1
2024-10-06,Toronto,1.47,0.0,0,1
2024-10-07,Toronto,-5.91,0.0,0,0
2024-10-08,Toronto,5.45,8.21,0,0
2024-10-09,Toronto,37.19,0.0,0,0
2024-10-10,Toronto,33.81,10.39,0,0
2024-10-11,Toronto,0.7,0.0,0,0
2024-10-12,Toronto,17.83,0.0,0,1
2024-10-13,Toronto,32.47,4.45,0,1
2024-10-14,Toronto,-1.32,3.46,0,0
2024-10-15,Toronto,11.05,0.0,0,0
2024-10-16,Toronto,-4.81,0.0,0,0
2024-10-17,Toronto,15.69,4.83,0,0
2024-10-18,Toronto,28.1,0.0,0,0
2024-10-19,Toronto,-12.23,0.0,0,1
2024-10-20,Toronto,-0.59,0.0,0,1
2024-10-21,Toronto,9.68,5.49,0,0
2024-10-22,Toronto,3.82,4.51,0,0
2024-10-23,Toronto,24.55,1.95,0,0
2024-10-24,Toronto,-7.06,0.6,0,0
2024-10-25,Toronto,25.31,5.15,0,0
2024-10-26,Toronto,-6.01,7.89,0,1
2024-10-27,Toronto,5.04,0.0,0,1
2024-10-28,Toronto,9.52,0.0,0,0
2024-10-29,Toronto,19.75,7.72,0,0
2024-10-30,Toronto,-5.02,1.16,0,0
2024-10-31,Toronto,23.07,0.0,0,0
2024-11-01,Toronto,-8.32,0.81,0,0
2024-11-02,Toronto,5.82,2.24,0,1
2024-11-03,Toronto,8.42,0.0,0,1
2024-11-04,Toronto,-14.23,0.0,0,0
2024-11-05,Toronto,17.54,6.76,0,0
2024-11-06,Toronto,8.67,5.55,0,0
2024-11-07,Toronto,0.88,0.16,0,0
2024-11-08,Toronto,23.86,4.33,0,0
2024-11-09,Toronto,12.65,1.26,0,1
2024-11-10,Toronto,-7.37,2.43,0,1
2024-11-11,Toronto,14.65,13.04,0,0
2024-11-12,Toronto,8.82,0.15,0,0
2024-11-13,Toronto,14.23,9.24,0,0
2024-11-14,Toronto,15.28,1.1,0,0
2024-11-15,Toronto,-1.78,0.0,0,0
2024-11-16,Toronto,21.72,0.56,0,1
2024-11-17,Toronto,40.1,2.42,0,1
2024-11-18,Toronto,17.32,0.0,0,0
2024-11-19,Toronto,-2.34,5.82,0,0
2024-11-20,Toronto,27.93,0.0,0,0
2024-11-21,Toronto,-1.02,0.0,0,0
2024-11-22,Toronto,20.15,3.81,0,0
2024-11-23,Toronto,8.51,0.0,0,1
2024-11-24,Toronto,34.12,6.89,0,1
2024-11-25,Toronto,-19.93,6.28,0,0
2024-11-26,Toronto,5.67,0.0,0,0
2024-11-27,Toronto,21.49,3.75,0,0
2024-11-28,Toronto,11.33,0.0,0,0
2024-11-29,Toronto,25.22,0.0,0,0
2024-11-30,Toronto,21.61,2.45,0,1
2024-12-01,Toronto,9.46,0.0,0,1
2024-12-02,Toronto,12.47,0.0,0,0
2024-12-03,Toronto,28.52,0.0,0,0
2024-12-04,Toronto,-0.35,1.02,0,0
2024-12-05,Toronto,4.4,8.22,0,0
2024-12-06,Toronto,-16.0,1.63,0,0
2024-12-07,Toronto,33.74,2.34,0,1
2024-12-08,Toronto,12.83,1.86,0,1
2024-12-09,Toronto,0.26,4.7,0,0
2024-12-10,Toronto,7.12,2.7,0,0
2024-12-11,Toronto,18.24,4.21,0,0
2024-12-12,Toronto,11.45,6.49,0,0
2024-12-13,Toronto,25.18,5.92,0,0
2024-12-14,Toronto,25.83,8.78,0,1
2024-12-15,Toronto,-8.1,15.79,0,1
2024-12-16,Toronto,12.35,0.78,0,0
2024-12-17,Toronto,12.53,0.0,0,0
2024-12-18,Toronto,13.51,0.0,0,0
2024-12-19,Toronto,11.09,2.72,0,0
2024-12-20,Toronto,1.11,0.0,0,0
2024-12-21,Toronto,14.11,1.99,0,1
2024-12-22,Toronto,12.89,0.0,0,1
2024-12-23,Toronto,0.15,0.92,0,0
2024-12-24,Toronto,12.09,5.37,1,0
2024-12-25,Toronto,-2.15,5.96,1,0
2024-12-26,Toronto,19.81,4.6,0,0
2024-12-27,Toronto,37.45,0.0,0,0
2024-12-28,Toronto,39.26,0.0,0,1
2024-12-29,Toronto,13.62,2.22,0,1
2024-12-30,Toronto,-10.07,4.65,0,0
2023-01-01,Mississauga,22.96,4.11,0,1
2023-01-02,Mississauga,-12.15,0.0,0,0
2023-01-03,Mississauga,-0.46,8.36,0,0
2023-01-04,Mississauga,11.44,0.0,0,0
2023-01-05,Mississauga,40.96,9.5,0,0
2023-01-06,Mississauga,-6.3,0.0,0,0
2023-01-07,Mississauga,5.71,4.62,0,1
2023-01-08,Mississauga,12.98,0.0,0,1
2023-01-09,Mississauga,29.67,10.72,0,0
2023-01-10,Mississauga,9.26,0.0,0,0
2023-01-11,Mississauga,33.93,0.0,0,0
2023-01-12,Mississauga,-3.42,6.9,0,0
2023-01-13,Mississauga,30.87,0.4,0,0
2023-01-14,Mississauga,44.2,0.0,0,1
2023-01-15,Mississauga,26.42,2.43,0,1
2023-01-16,Mississauga,2.7,6.39,0,0
2023-01-17,Mississauga,4.15,0.0,0,0
2023-01-18,Mississauga,11.73,1.73,0,0
2023-01-19,Mississauga,-1.71,0.0,0,0
2023-01-20,Mississauga,3.8,0.0,0,0
2023-01-21,Mississauga,-15.36,6.67,0,1
2023-01-22,Mississauga,-11.36,1.91,0,1
2023-01-23,Mississauga,-18.04,9.53,0,0
2023-01-24,Mississauga,5.95,7.59,0,0
2023-01-25,Mississauga,41.72,0.0,0,0
2023-01-26,Mississauga,-0.21,6.36,0,0
2023-01-27,Mississauga,0.51,3.45,0,0
2023-01-28,Mississauga,11.54,0.0,0,1
2023-01-29,Mississauga,24.16,1.31,0,1
2023-01-30,Mississauga,-7.91,9.73,0,0
2023-01-31,Mississauga,-0.54,0.0,0,0
2023-02-01,Mississauga,-17.01,4.98,0,0
2023-02-02,Mississauga,10.64,0.0,0,0
2023-02-03,Mississauga,13.68,6.14,0,0
2023-02-04,Mississauga,16.93,8.62,0,1
2023-02-05,Mississauga,0.94,10.84,0,1
2023-02-06,Mississauga,10.05,6.0,0,0
2023-02-07,Mississauga,29.16,15.25,0,0
2023-02-08,Mississauga,-6.22,0.0,0,0
2023-02-09,Mississauga,12.85,0.15,0,0
2023-02-10,Mississauga,-2.03,0.0,0,0
2023-02-11,Mississauga,11.89,5.98,0,1
2023-02-12,Mississauga,15.28,0.0,0,1
2023-02-13,Mississauga,-14.09,2.31,0,0
2023-02-14,Mississauga,6.42,0.41,0,0
2023-02-15,Mississauga,5.84,0.0,0,0
2023-02-16,Mississauga,12.23,7.51,0,0
2023-02-17,Mississauga,-4.01,4.26,0,0
2023-02-18,Mississauga,11.24,0.0,0,1
2023-02-19,Mississauga,0.17,2.05,0,1
2023-02-20,Mississauga,42.47,0.0,0,0
2023-02-21,Mississauga,0.85,4.07,0,0
2023-02-22,Mississauga,8.3,0.0,0,0
2023-02-23,Mississauga,-16.03,0.0,0,0
2023-02-24,Mississauga,22.75,0.0,0,0
2023-02-25,Mississauga,45.55,0.0,0,1
2023-02-26,Mississauga,21.57,0.0,0,1
2023-02-27,Mississauga,12.85,9.07,0,0
2023-02-28,Mississauga,4.75,0.0,0,0
2023-03-01,Mississauga,4.42,0.92,0,0
2023-03-02,Mississauga,-4.79,10.26,0,0
2023-03-03,Mississauga,10.28,8.4,0,0
2023-03-04,Mississauga,26.12,10.51,0,1
2023-03-05,Mississauga,-8.89,5.22,0,1
2023-03-06,Mississauga,2.44,1.29,0,0
2023-03-07,Mississauga,-6.21,13.63,0,0
2023-03-08,Mississauga,-1.03,5.26,0,0
2023-03-09,Mississauga,-9.28,0.73,0,0
2023-03-10,Mississauga,25.91,3.74,0,0
2023-03-11,Mississauga,-4.12,0.0,0,1
2023-03-12,Mississauga,12.44,1.91,0,1
2023-03-13,Mississauga,-9.7,0.09,0,0
2023-03-14,Mississauga,7.81,4.84,0,0
2023-03-15,Mississauga,25.2,5.36,0,0
2023-03-16,Mississauga,15.09,3.81,0,0
2023-03-17,Mississauga,17.16,6.78,0,0
2023-03-18,Mississauga,35.38,0.0,0,1
2023-03-19,Mississauga,3.28,7.05,0,1
2023-03-20,Mississauga,-4.93,0.0,0,0
2023-03-21,Mississauga,0.38,2.37,0,0
2023-03-22,Mississauga,2.82,3.85,0,0
2023-03-23,Mississauga,5.74,0.27,0,0
2023-03-24,Mississauga,-15.04,4.99,0,0
2023-03-25,Mississauga,19.18,1.06,0,1
2023-03-26,Mississauga,12.23,2.73,0,1
2023-03-27,Mississauga,25.77,3.11,0,0
2023-03-28,Mississauga,-10.03,11.54,0,0
2023-03-29,Mississauga,29.33,2.25,0,0
2023-03-30,Mississauga,12.32,3.45,0,0
2023-03-31,Mississauga,-1.56,7.57,0,0
2023-04-01,Mississauga,25.16,1.57,0,1
2023-04-02,Mississauga,20.09,7.22,0,1
2023-04-03,Mississauga,13.41,0.0,0,0
2023-04-04,Mississauga,20.29,2.28,0,0
2023-04-05,Mississauga,-6.42,7.17,0,0
2023-04-06,Mississauga,13.55,0.85,0,0
2023-04-07,Mississauga,41.08,0.0,0,0
2023-04-08,Mississauga,-4.14,2.78,0,1
2023-04-09,Mississauga,7.67,0.0,0,1
2023-04-10,Mississauga,31.13,0.0,0,0
2023-04-11,Mississauga,14.65,2.44,0,0
2023-04-12,Mississauga,9.83,7.78,0,0
2023-04-13,Mississauga,40.81,2.0,0,0
2023-04-14,Mississauga,23.32,2.2,0,0
2023-04-15,Mississauga,11.18,4.26,0,1
2023-04-16,Mississauga,12.53,0.0,0,1
2023-04-17,Mississauga,29.97,4.25,0,0
2023-04-18,Mississauga,9.3,0.0,0,0
2023-04-19,Mississauga,14.38,0.78,0,0
2023-04-20,Mississauga,12.73,1.06,0,0
2023-04-21,Mississauga,-2.47,10.05,0,0
2023-04-22,Mississauga,-4.16,0.0,0,1
2023-04-23,Mississauga,20.17,3.55,0,1
2023-04-24,Mississauga,19.91,4.52,0,0
2023-04-25,Mississauga,-1.3,5.35,0,0
2023-04-26,Mississauga,0.35,7.27,0,0
2023-04-27,Mississauga,-4.97,0.0,0,0
2023-04-28,Mississauga,-1.47,3.55,0,0
2023-04-29,Mississauga,9.22,2.57,0,1
2023-04-30,Mississauga,8.23,1.73,0,1
2023-05-01,Mississauga,2.77,0.0,0,0
2023-05-02,Mississauga,-10.93,0.0,0,0
2023-05-03,Mississauga,5.17,9.32,0,0
2023-05-04,Mississauga,-5.29,0.0,0,0
2023-05-05,Mississauga,-17.31,4.51,0,0
2023-05-06,Mississauga,6.8,0.0,0,1
2023-05-07,Mississauga,9.57,0.0,0,1
2023-05-08,Mississauga,29.43,0.0,0,0
2023-05-09,Mississauga,35.47,2.86,0,0
2023-05-10,Mississauga,4.08,0.72,0,0
2023-05-11,Mississauga,14.4,0.66,0,0
2023-05-12,Mississauga,-3.88,5.15,0,0
2023-05-13,Mississauga,24.87,7.14,0,1
2023-05-14,Mississauga,7.6,7.46,0,1
2023-05-15,Mississauga,14.73,0.54,0,0
2023-05-16,Mississauga,1.58,6.6,0,0
2023-05-17,Mississauga,-15.24,8.94,0,0
2023-05-18,Mississauga,11.89,0.0,0,0
2023-05-19,Mississauga,-0.72,0.0,0,0
2023-05-20,Mississauga,20.59,3.56,0,1
2023-05-21,Mississauga,3.12,0.0,0,1
2023-05-22,Mississauga,14.71,15.72,0,0
2023-05-23,Mississauga,51.0,7.26,0,0
2023-05-24,Mississauga,-1.62,5.77,0,0
2023-05-25,Mississauga,-1.16,0.86,0,0
2023-05-26,Mississauga,30.48,0.78,0,0
2023-05-27,Mississauga,5.76,0.0,0,1
2023-05-28,Mississauga,-2.26,0.69,0,1
2023-05-29,Mississauga,21.11,5.38,0,0
2023-05-30,Mississauga,14.41,7.88,0,0
2023-05-31,Mississauga,-15.87,2.26,0,0
2023-06-01,Mississauga,-0.63,11.92,0,0
2023-06-02,Mississauga,6.16,5.71,0,0
2023-06-03,Mississauga,24.96,0.13,0,1
2023-06-04,Mississauga,23.94,7.21,0,1
2023-06-05,Mississauga,21.85,0.0,0,0
2023-06-06,Mississauga,-11.46,12.69,0,0
2023-06-07,Mississauga,5.64,7.02,0,0
2023-06-08,Mississauga,3.03,12.49,0,0
2023-06-09,Mississauga,2.53,2.5,0,0
2023-06-10,Mississauga,44.83,0.0,0,1
2023-06-11,Mississauga,28.09,1.87,0,1
2023-06-12,Mississauga,20.61,0.26,0,0
2023-06-13,Mississauga,34.54,0.0,0,0
2023-06-14,Mississauga,10.56,6.68,0,0
2023-06-15,Mississauga,-2.31,2.64,0,0
2023-06-16,Mississauga,-5.38,0.0,0,0
2023-06-17,Mississauga,49.37,8.71,0,1
2023-06-18,Mississauga,19.99,3.85,0,1
2023-06-19,Mississauga,-13.49,1.07,0,0
2023-06-20,Mississauga,23.83,0.0,0,0
2023-06-21,Mississauga,15.41,0.0,0,0
2023-06-22,Mississauga,-6.32,13.41,0,0
2023-06-23,Mississauga,41.94,1.57,0,0
2023-06-24,Mississauga,-1.67,0.0,0,1
2023-06-25,Mississauga,16.02,11.67,0,1
2023-06-26,Mississauga,-0.48,3.0,0,0
2023-06-27,Mississauga,12.23,10.33,0,0
2023-06-28,Mississauga,14.21,0.0,0,0
2023-06-29,Mississauga,21.29,2.85,0,0
2023-06-30,Mississauga,-3.01,7.3,0,0
2023-07-01,Mississauga,5.31,3.67,0,1
2023-07-02,Mississauga,12.17,0.51,0,1
2023-07-03,Mississauga,-2.17,4.8,0,0
2023-07-04,Mississauga,-8.3,6.64,0,0
2023-07-05,Mississauga,-2.81,0.0,0,0
2023-07-06,Mississauga,31.04,2.47,0,0
2023-07-07,Mississauga,-18.56,1.94,0,0
2023-07-08,Mississauga,19.17,5.19,0,1
2023-07-09,Mississauga,-1.61,0.0,0,1
2023-07-10,Mississauga,12.45,7.19,0,0
2023-07-11,Mississauga,-9.73,0.0,0,0
2023-07-12,Mississauga,30.56,8.09,0,0
2023-07-13,Mississauga,-4.14,0.06,0,0
2023-07-14,Mississauga,41.62,6.4,0,0
2023-07-15,Mississauga,9.26,7.71,0,1
2023-07-16,Mississauga,2.76,2.79,0,1
2023-07-17,Mississauga,5.35,5.54,0,0
2023-07-18,Mississauga,20.53,3.12,0,0
2023-07-19,Mississauga,17.56,7.68,0,0
2023-07-20,Mississauga,16.99,3.13,0,0
2023-07-21,Mississauga,16.4,8.06,0,0
2023-07-22,Mississauga,-3.86,4.08,0,1
2023-07-23,Mississauga,-18.3,0.59,0,1
2023-07-24,Mississauga,38.28,0.0,0,0
2023-07-25,Mississauga,-14.47,0.0,0,0
2023-07-26,Mississauga,20.69,1.34,0,0
2023-07-27,Mississauga,-5.1,8.04,0,0
2023-07-28,Mississauga,16.41,0.0,0,0
2023-07-29,Mississauga,6.68,12.66,0,1
2023-07-30,Mississauga,5.36,0.0,0,1
2023-07-31,Mississauga,17.05,3.91,0,0
2023-08-01,Mississauga,29.99,0.04,0,0
2023-08-02,Mississauga,16.63,3.23,0,0
2023-08-03,Mississauga,9.9,3.62,0,0
2023-08-04,Mississauga,19.03,4.75,0,0
2023-08-05,Mississauga,23.77,0.0,0,1
2023-08-06,Mississauga,-12.43,3.07,0,1
2023-08-07,Mississauga,11.74,0.0,0,0
2023-08-08,Mississauga,4.98,0.0,0,0
2023-08-09,Mississauga,18.82,0.0,0,0
2023-08-10,Mississauga,13.22,7.13,0,0
2023-08-11,Mississauga,-3.06,0.0,0,0
2023-08-12,Mississauga,-1.42,0.0,0,1
2023-08-13,Mississauga,10.6,0.0,0,1
2023-08-14,Mississauga,34.09,0.0,0,0
2023-08-15,Mississauga,-10.24,2.31,0,0
2023-08-16,Mississauga,8.16,8.86,0,0
2023-08-17,Mississauga,5.89,0.57,0,0
2023-08-18,Mississauga,19.71,6.74,0,0
2023-08-19,Mississauga,-19.17,2.33,0,1
2023-08-20,Mississauga,42.33,0.0,0,1
2023-08-21,Mississauga,12.25,7.1,0,0
2023-08-22,Mississauga,17.29,0.0,0,0
2023-08-23,Mississauga,8.99,0.0,0,0
2023-08-24,Mississauga,-6.03,7.54,0,0
2023-08-25,Mississauga,22.84,10.93,0,0
2023-08-26,Mississauga,23.86,1.29,0,1
2023-08-27,Mississauga,-5.21,8.99,0,1
2023-08-28,Mississauga,19.39,6.0,0,0
2023-08-29,Mississauga,18.6,7.93,0,0
2023-08-30,Mississauga,-12.86,0.0,0,0
2023-08-31,Mississauga,-3.08,3.82,0,0
2023-09-01,Mississauga,3.14,7.64,0,0
2023-09-02,Mississauga,9.75,13.59,0,1
2023-09-03,Mississauga,35.71,2.7,0,1
2023-09-04,Mississauga,-10.37,5.45,0,0
2023-09-05,Mississauga,-6.7,0.0,0,0
2023-09-06,Mississauga,4.09,0.0,0,0
2023-09-07,Mississauga,18.29,3.64,0,0
2023-09-08,Mississauga,-5.14,0.52,0,0
2023-09-09,Mississauga,-10.4,4.01,0,1
2023-09-10,Mississauga,-17.9,0.83,0,1
2023-09-11,Mississauga,0.31,4.73,0,0
2023-09-12,Mississauga,-2.13,0.0,0,0
2023-09-13,Mississauga,15.95,4.25,0,0
2023-09-14,Mississauga,-5.7,4.94,0,0
2023-09-15,Mississauga,46.85,0.0,0,0
2023-09-16,Mississauga,-8.43,2.28,0,1
2023-09-17,Mississauga,-10.73,0.71,0,1
2023-09-18,Mississauga,2.42,5.46,0,0
2023-09-19,Mississauga,-16.34,0.0,0,0
2023-09-20,Mississauga,15.73,4.71,0,0
2023-09-21,Mississauga,-22.21,9.6,0,0
2023-09-22,Mississauga,23.13,0.0,0,0
2023-09-23,Mississauga,11.43,0.0,0,1
2023-09-24,Mississauga,20.56,0.0,0,1
2023-09-25,Mississauga,4.66,1.45,0,0
2023-09-26,Mississauga,28.12,4.34,0,0
2023-09-27,Mississauga,4.61,0.0,0,0
2023-09-28,Mississauga,13.38,1.57,0,0
2023-09-29,Mississauga,6.37,2.03,0,0
2023-09-30,Mississauga,5.94,0.0,0,1
2023-10-01,Mississauga,9.14,1.89,0,1
2023-10-02,Mississauga,12.0,0.0,0,0
2023-10-03,Mississauga,-2.0,10.2,0,0
2023-10-04,Mississauga,-1.11,4.55,0,0
2023-10-05,Mississauga,-1.95,0.0,0,0
2023-10-06,Mississauga,8.44,5.06,0,0
2023-10-07,Mississauga,4.99,0.0,0,1
2023-10-08,Mississauga,-23.5,7.77,0,1
2023-10-09,Mississauga,9.79,5.04,0,0
2023-10-10,Mississauga,13.47,0.0,0,0
2023-10-11,Mississauga,6.16,0.0,0,0
2023-10-12,Mississauga,24.19,3.6,0,0
2023-10-13,Mississauga,21.11,8.45,0,0
2023-10-14,Mississauga,4.65,0.0,0,1
2023-10-15,Mississauga,8.41,8.34,0,1
2023-10-16,Mississauga,-13.49,2.1,0,0
2023-10-17,Mississauga,22.07,3.54,0,0
2023-10-18,Mississauga,26.1,0.0,0,0
2023-10-19,Mississauga,26.31,0.0,0,0
2023-10-20,Mississauga,-21.43,0.37,0,0
2023-10-21,Mississauga,-2.58,1.18,0,1
2023-10-22,Mississauga,-12.8,1.38,0,1
2023-10-23,Mississauga,1.38,11.94,0,0
2023-10-24,Mississauga,12.61,3.14,0,0
2023-10-25,Mississauga,6.58,8.24,0,0
2023-10-26,Mississauga,17.28,9.57,0,0
2023-10-27,Mississauga,25.81,0.07,0,0
2023-10-28,Mississauga,20.94,6.07,0,1
2023-10-29,Mississauga,24.17,4.01,0,1
2023-10-30,Mississauga,-10.15,1.85,0,0
2023-10-31,Mississauga,11.67,2.35,0,0
2023-11-01,Mississauga,27.21,0.0,0,0
2023-11-02,Mississauga,12.04,1.65,0,0
2023-11-03,Mississauga,20.25,11.05,0,0
2023-11-04,Mississauga,19.34,4.78,0,1
2023-11-05,Mississauga,-5.3,0.0,0,1
2023-11-06,Mississauga,13.84,1.07,0,0
2023-11-07,Mississauga,16.91,0.0,0,0
2023-11-08,Mississauga,31.04,0.0,0,0
2023-11-09,Mississauga,7.06,0.04,0,0
2023-11-10,Mississauga,26.47,0.84,0,0
2023-11-11,Mississauga,1.33,2.4,0,1
2023-11-12,Mississauga,-1.83,1.89,0,1
2023-11-13,Mississauga,8.05,16.45,0,0
2023-11-14,Mississauga,3.06,1.55,0,0
2023-11-15,Mississauga,13.27,3.37,0,0
2023-11-16,Mississauga,25.65,11.61,0,0
2023-11-17,Mississauga,-2.02,4.19,0,0
2023-11-18,Mississauga,7.53,3.65,0,1
2023-11-19,Mississauga,26.66,10.14,0,1
2023-11-20,Mississauga,23.12,3.58,0,0
2023-11-21,Mississauga,25.4,0.0,0,0
2023-11-22,Mississauga,-0.89,2.84,0,0
2023-11-23,Mississauga,27.46,0.52,0,0
2023-11-24,Mississauga,7.14,0.0,0,0
2023-11-25,Mississauga,45.82,0.85,0,1
2023-11-26,Mississauga,-31.12,2.84,0,1
2023-11-27,Mississauga,17.09,0.85,0,0
2023-11-28,Mississauga,-3.65,6.49,0,0
2023-11-29,Mississauga,21.75,4.63,0,0
2023-11-30,Mississauga,-1.46,0.0,0,0
2023-12-01,Mississauga,4.74,0.0,0,0
2023-12-02,Mississauga,19.38,0.03,0,1
2023-12-03,Mississauga,-4.25,4.12,0,1
2023-12-04,Mississauga,45.65,0.0,0,0
2023-12-05,Mississauga,-0.64,1.39,0,0
2023-12-06,Mississauga,21.34,4.83,0,0
2023-12-07,Mississauga,8.23,0.0,0,0
2023-12-08,Mississauga,41.49,7.72,0,0
2023-12-09,Mississauga,36.03,5.51,0,1
2023-12-10,Mississauga,8.6,3.99,0,1
2023-12-11,Mississauga,37.1,4.57,0,0
2023-12-12,Mississauga,-15.77,9.01,0,0
2023-12-13,Mississauga,32.45,8.19,0,0
2023-12-14,Mississauga,-10.14,3.93,0,0
2023-12-15,Mississauga,25.38,2.08,0,0
2023-12-16,Mississauga,15.71,4.8,0,1
2023-12-17,Mississauga,-2.4,4.35,0,1
2023-12-18,Mississauga,-4.78,1.49,0,0
2023-12-19,Mississauga,1.35,6.38,0,0
2023-12-20,Mississauga,20.03,4.84,0,0
2023-12-21,Mississauga,14.23,4.18,0,0
2023-12-22,Mississauga,40.13,8.62,0,0
2023-12-23,Mississauga,-4.42,0.0,0,1
2023-12-24,Mississauga,6.87,0.79,1,1
2023-12-25,Mississauga,-2.4,4.93,1,0
2023-12-26,Mississauga,9.08,3.09,0,0
2023-12-27,Mississauga,-15.64,0.0,0,0
2023-12-28,Mississauga,1.88,5.04,0,0
2023-12-29,Mississauga,17.17,7.04,0,0
2023-12-30,Mississauga,-0.51,5.43,0,1
2023-12-31,Mississauga,32.95,6.63,1,1
2024-01-01,Mississauga,-9.39,7.54,0,0
2024-01-02,Mississauga,14.89,4.27,0,0
2024-01-03,Mississauga,47.43,3.23,0,0
2024-01-04,Mississauga,19.47,2.47,0,0
2024-01-05,Mississauga,6.35,3.82,0,0
2024-01-06,Mississauga,3.44,2.73,0,1
2024-01-07,Mississauga,5.47,0.0,0,1
2024-01-08,Mississauga,2.62,6.78,0,0
2024-01-09,Mississauga,17.8,0.83,0,0
2024-01-10,Mississauga,11.48,0.0,0,0
2024-01-11,Mississauga,-0.47,2.03,0,0
2024-01-12,Mississauga,6.76,0.0,0,0
2024-01-13,Mississauga,9.0,0.0,0,1
2024-01-14,Mississauga,33.61,6.48,0,1
2024-01-15,Mississauga,-22.57,6.19,0,0
2024-01-16,Mississauga,4.41,0.0,0,0
2024-01-17,Mississauga,21.3,1.28,0,0
2024-01-18,Mississauga,4.19,0.0,0,0
2024-01-19,Mississauga,23.73,7.18,0,0
2024-01-20,Mississauga,12.42,0.0,0,1
2024-01-21,Mississauga,14.54,5.21,0,1
2024-01-22,Mississauga,9.6,6.41,0,0
2024-01-23,Mississauga,12.54,3.52,0,0
2024-01-24,Mississauga,32.21,0.0,0,0
2024-01-25,Mississauga,-13.52,1.15,0,0
2024-01-26,Mississauga,1.54,0.0,0,0
2024-01-27,Mississauga,19.33,2.0,0,1
2024-01-28,Mississauga,-17.32,9.73,0,1
2024-01-29,Mississauga,-0.92,0.0,0,0
2024-01-30,Mississauga,24.12,4.14,0,0
2024-01-31,Mississauga,26.38,0.0,0,0
2024-02-01,Mississauga,5.71,2.67,0,0
2024-02-02,Mississauga,29.52,0.0,0,0
2024-02-03,Mississauga,4.89,2.7,0,1
2024-02-04,Mississauga,21.42,0.0,0,1
2024-02-05,Mississauga,22.17,0.0,0,0
2024-02-06,Mississauga,15.63,1.03,0,0
2024-02-07,Mississauga,14.12,3.06,0,0
2024-02-08,Mississauga,29.16,0.82,0,0
2024-02-09,Mississauga,5.46,7.34,0,0
2024-02-10,Mississauga,31.0,0.02,0,1
2024-02-11,Mississauga,20.39,0.0,0,1
2024-02-12,Mississauga,20.47,6.6,0,0
2024-02-13,Mississauga,5.87,7.55,0,0
2024-02-14,Mississauga,6.06,2.12,0,0
2024-02-15,Mississauga,15.87,0.0,0,0
2024-02-16,Mississauga,-10.38,3.4,0,0
2024-02-17,Mississauga,-1.13,0.0,0,1
2024-02-18,Mississauga,21.53,9.58,0,1
2024-02-19,Mississauga,22.86,0.0,0,0
2024-02-20,Mississauga,12.67,0.45,0,0
2024-02-21,Mississauga,-2.79,2.43,0,0
2024-02-22,Mississauga,8.99,0.84,0,0
2024-02-23,Mississauga,24.82,8.5,0,0
2024-02-24,Mississauga,5.15,1.1,0,1
2024-02-25,Mississauga,6.29,4.57,0,1
2024-02-26,Mississauga,14.97,0.0,0,0
2024-02-27,Mississauga,8.07,0.0,0,0
2024-02-28,Mississauga,-13.57,0.0,0,0
2024-02-29,Mississauga,6.23,5.06,0,0
2024-03-01,Mississauga,-1.74,1.37,0,0
2024-03-02,Mississauga,13.28,9.68,0,1
2024-03-03,Mississauga,10.84,2.5,0,1
2024-03-04,Mississauga,0.92,11.18,0,0
2024-03-05,Mississauga,21.47,0.0,0,0
2024-03-06,Mississauga,32.47,5.58,0,0
2024-03-07,Mississauga,13.51,5.3,0,0
2024-03-08,Mississauga,27.04,0.0,0,0
2024-03-09,Mississauga,4.16,1.81,0,1
2024-03-10,Mississauga,-8.6,5.65,0,1
2024-03-11,Mississauga,5.87,0.07,0,0
2024-03-12,Mississauga,0.36,1.83,0,0
2024-03-13,Mississauga,12.34,6.98,0,0
2024-03-14,Mississauga,25.36,0.0,0,0
2024-03-15,Mississauga,16.91,8.15,0,0
2024-03-16,Mississauga,6.66,1.15,0,1
2024-03-17,Mississauga,4.05,4.69,0,1
2024-03-18,Mississauga,14.31,6.9,0,0
2024-03-19,Mississauga,8.33,8.3,0,0
2024-03-20,Mississauga,18.96,7.88,0,0
2024-03-21,Mississauga,1.06,9.84,0,0
2024-03-22,Mississauga,1.67,0.0,0,0
2024-03-23,Mississauga,4.1,0.0,0,1
2024-03-24,Mississauga,38.4,4.61,0,1
2024-03-25,Mississauga,17.44,0.0,0,0
2024-03-26,Mississauga,29.28,0.0,0,0
2024-03-27,Mississauga,9.45,0.0,0,0
2024-03-28,Mississauga,13.59,9.67,0,0
2024-03-29,Mississauga,-4.42,0.0,0,0
2024-03-30,Mississauga,12.09,9.85,0,1
2024-03-31,Mississauga,3.63,0.0,0,1
2024-04-01,Mississauga,12.46,2.04,0,0
2024-04-02,Mississauga,-5.37,0.0,0,0
2024-04-03,Mississauga,-19.52,1.85,0,0
2024-04-04,Mississauga,-8.69,14.34,0,0
2024-04-05,Mississauga,18.32,3.27,0,0
2024-04-06,Mississauga,17.9,0.0,0,1
2024-04-07,Mississauga,7.87,4.53,0,1
2024-04-08,Mississauga,-4.64,5.42,0,0
2024-04-09,Mississauga,41.61,0.0,0,0
2024-04-10,Mississauga,17.99,0.0,0,0
2024-04-11,Mississauga,20.36,3.69,0,0
2024-04-12,Mississauga,38.19,10.51,0,0
2024-04-13,Mississauga,-11.72,5.82,0,1
2024-04-14,Mississauga,21.21,7.94,0,1
2024-04-15,Mississauga,17.09,4.98,0,0
2024-04-16,Mississauga,-5.49,4.11,0,0
2024-04-17,Mississauga,6.75,5.42,0,0
2024-04-18,Mississauga,8.58,4.24,0,0
2024-04-19,Mississauga,19.24,5.17,0,0
2024-04-20,Mississauga,-1.16,14.09,0,1
2024-04-21,Mississauga,13.81,5.16,0,1
2024-04-22,Mississauga,10.89,0.0,0,0
2024-04-23,Mississauga,21.74,3.34,0,0
2024-04-24,Mississauga,23.33,0.0,0,0
2024-04-25,Mississauga,5.02,3.34,0,0
2024-04-26,Mississauga,10.72,0.57,0,0
2024-04-27,Mississauga,14.03,9.15,0,1
2024-04-28,Mississauga,16.87,7.87,0,1
2024-04-29,Mississauga,7.48,2.27,0,0
2024-04-30,Mississauga,13.65,0.0,0,0
2024-05-01,Mississauga,13.77,9.84,0,0
2024-05-02,Mississauga,36.17,8.88,0,0
2024-05-03,Mississauga,14.59,0.0,0,0
2024-05-04,Mississauga,46.7,0.0,0,1
2024-05-05,Mississauga,32.87,3.83,0,1
2024-05-06,Mississauga,-5.49,0.0,0,0
2024-05-07,Mississauga,30.86,0.0,0,0
2024-05-08,Mississauga,-8.9,0.66,0,0
2024-05-09,Mississauga,9.92,3.85,0,0
2024-05-10,Mississauga,14.79,0.0,0,0
2024-05-11,Mississauga,10.02,10.59,0,1
2024-05-12,Mississauga,-5.79,4.35,0,1
2024-05-13,Mississauga,-5.81,0.0,0,0
2024-05-14,Mississauga,26.99,0.0,0,0
2024-05-15,Mississauga,41.47,0.0,0,0
2024-05-16,Mississauga,-20.14,2.1,0,0
2024-05-17,Mississauga,3.56,0.0,0,0
2024-05-18,Mississauga,19.62,0.0,0,1
2024-05-19,Mississauga,18.55,6.14,0,1
2024-05-20,Mississauga,-10.58,7.13,0,0
2024-05-21,Mississauga,21.6,9.76,0,0
2024-05-22,Mississauga,10.08,0.0,0,0
2024-05-23,Mississauga,28.81,2.24,0,0
2024-05-24,Mississauga,37.34,5.55,0,0
2024-05-25,Mississauga,9.61,0.0,0,1
2024-05-26,Mississauga,8.43,6.69,0,1
2024-05-27,Mississauga,-12.62,0.0,0,0
2024-05-28,Mississauga,-14.22,0.0,0,0
2024-05-29,Mississauga,0.83,0.65,0,0
2024-05-30,Mississauga,15.3,5.51,0,0
2024-05-31,Mississauga,30.75,10.02,0,0
2024-06-01,Mississauga,27.78,0.1,0,1
2024-06-02,Mississauga,13.51,0.0,0,1
2024-06-03,Mississauga,13.76,1.2,0,0
2024-06-04,Mississauga,-7.13,9.26,0,0
2024-06-05,Mississauga,35.62,0.0,0,0
2024-06-06,Mississauga,17.81,0.0,0,0
2024-06-07,Mississauga,8.81,0.0,0,0
2024-06-08,Mississauga,0.59,2.95,0,1
2024-06-09,Mississauga,-17.23,0.0,0,1
2024-06-10,Mississauga,70.23,0.0,0,0
2024-06-11,Mississauga,4.3,3.44,0,0
2024-06-12,Mississauga,7.31,0.0,0,0
2024-06-13,Mississauga,24.52,2.75,0,0
2024-06-14,Mississauga,0.65,6.29,0,0
2024-06-15,Mississauga,2.09,0.0,0,1
2024-06-16,Mississauga,18.82,0.0,0,1
2024-06-17,Mississauga,36.37,9.58,0,0
2024-06-18,Mississauga,18.2,0.0,0,0
2024-06-19,Mississauga,-6.02,0.0,0,0
2024-06-20,Mississauga,34.24,0.0,0,0
2024-06-21,Mississauga,15.31,2.99,0,0
2024-06-22,Mississauga,-15.09,0.0,0,1
2024-06-23,Mississauga,-7.0,5.97,0,1
2024-06-24,Mississauga,22.56,0.78,0,0
2024-06-25,Mississauga,-2.64,2.94,0,0
2024-06-26,Mississauga,26.61,0.0,0,0
2024-06-27,Mississauga,41.69,0.78,0,0
2024-06-28,Mississauga,8.22,10.01,0,0
2024-06-29,Mississauga,9.16,1.47,0,1
2024-06-30,Mississauga,-3.7,0.0,0,1
2024-07-01,Mississauga,-0.59,0.0,0,0
2024-07-02,Mississauga,-21.2,0.84,0,0
2024-07-03,Mississauga,-10.72,5.26,0,0
2024-07-04,Mississauga,6.69,0.0,0,0
2024-07-05,Mississauga,32.87,0.0,0,0
2024-07-06,Mississauga,17.73,10.22,0,1
2024-07-07,Mississauga,9.49,2.07,0,1
2024-07-08,Mississauga,31.57,0.53,0,0
2024-07-09,Mississauga,26.1,1.63,0,0
2024-07-10,Mississauga,12.55,2.78,0,0
2024-07-11,Mississauga,4.45,0.0,0,0
2024-07-12,Mississauga,0.21,0.0,0,0
2024-07-13,Mississauga,3.3,0.67,0,1
2024-07-14,Mississauga,16.11,1.54,0,1
2024-07-15,Mississauga,26.16,7.16,0,0
2024-07-16,Mississauga,30.18,0.99,0,0
2024-07-17,Mississauga,2.33,0.0,0,0
2024-07-18,Mississauga,29.63,0.0,0,0
2024-07-19,Mississauga,-3.52,3.13,0,0
2024-07-20,Mississauga,5.37,9.24,0,1
2024-07-21,Mississauga,-1.51,2.15,0,1
2024-07-22,Mississauga,-17.79,8.16,0,0
2024-07-23,Mississauga,-15.14,14.44,0,0
2024-07-24,Mississauga,8.24,0.56,0,0
2024-07-25,Mississauga,9.53,0.0,0,0
2024-07-26,Mississauga,19.87,0.0,0,0
2024-07-27,Mississauga,5.31,8.43,0,1
2024-07-28,Mississauga,-15.8,1.02,0,1
2024-07-29,Mississauga,8.36,2.69,0,0
2024-07-30,Mississauga,1.66,0.4,0,0
2024-07-31,Mississauga,37.74,4.5,0,0
2024-08-01,Mississauga,-1.69,5.26,0,0
2024-08-02,Mississauga,10.68,5.71,0,0
2024-08-03,Mississauga,6.94,0.0,0,1
2024-08-04,Mississauga,-15.03,7.76,0,1
2024-08-05,Mississauga,20.26,3.78,0,0
2024-08-06,Mississauga,19.73,8.18,0,0
2024-08-07,Mississauga,-15.25,2.42,0,0
2024-08-08,Mississauga,-17.16,0.03,0,0
2024-08-09,Mississauga,14.95,0.24,0,0
2024-08-10,Mississauga,36.44,0.54,0,1
2024-08-11,Mississauga,-1.55,2.16,0,1
2024-08-12,Mississauga,-5.54,0.0,0,0
2024-08-13,Mississauga,24.05,6.95,0,0
2024-08-14,Mississauga,12.36,5.05,0,0
2024-08-15,Mississauga,41.33,1.71,0,0
2024-08-16,Mississauga,-3.0,4.68,0,0
2024-08-17,Mississauga,22.53,6.67,0,1
2024-08-18,Mississauga,27.16,6.97,0,1
2024-08-19,Mississauga,17.8,5.18,0,0
2024-08-20,Mississauga,16.16,0.0,0,0
2024-08-21,Mississauga,-15.78,0.0,0,0
2024-08-22,Mississauga,22.3,0.0,0,0
2024-08-23,Mississauga,12.04,9.82,0,0
2024-08-24,Mississauga,26.26,0.0,0,1
2024-08-25,Mississauga,20.95,2.28,0,1
2024-08-26,Mississauga,0.16,0.36,0,0
2024-08-27,Mississauga,5.3,0.0,0,0
2024-08-28,Mississauga,13.67,12.88,0,0
2024-08-29,Mississauga,25.24,0.0,0,0
2024-08-30,Mississauga,14.37,3.46,0,0
2024-08-31,Mississauga,-4.92,0.0,0,1
2024-09-01,Mississauga,23.47,2.52,0,1
2024-09-02,Mississauga,2.84,5.01,0,0
2024-09-03,Mississauga,41.76,3.29,0,0
2024-09-04,Mississauga,14.37,1.89,0,0
2024-09-05,Mississauga,4.12,6.1,0,0
2024-09-06,Mississauga,7.11,4.5,0,0
2024-09-07,Mississauga,32.51,5.72,0,1
2024-09-08,Mississauga,-9.11,0.0,0,1
2024-09-09,Mississauga,28.8,1.44,0,0
2024-09-10,Mississauga,13.91,0.0,0,0
2024-09-11,Mississauga,19.24,11.44,0,0
2024-09-12,Mississauga,12.27,5.24,0,0
2024-09-13,Mississauga,28.68,10.4,0,0
2024-09-14,Mississauga,-0.19,4.07,0,1
2024-09-15,Mississauga,29.13,9.77,0,1
2024-09-16,Mississauga,3.64,0.0,0,0
2024-09-17,Mississauga,7.68,0.4,0,0
2024-09-18,Mississauga,5.82,4.06,0,0
2024-09-19,Mississauga,1.89,9.8,0,0
2024-09-20,Mississauga,3.93,0.0,0,0
2024-09-21,Mississauga,-7.55,8.29,0,1
2024-09-22,Mississauga,-9.4,4.29,0,1
2024-09-23,Mississauga,20.42,0.0,0,0
2024-09-24,Mississauga,-9.63,0.11,0,0
2024-09-25,Mississauga,38.42,0.11,0,0
2024-09-26,Mississauga,2.45,0.0,0,0
2024-09-27,Mississauga,-1.48,0.0,0,0
2024-09-28,Mississauga,-0.08,0.0,0,1
2024-09-29,Mississauga,-0.74,0.09,0,1
2024-09-30,Mississauga,24.26,0.0,0,0
2024-10-01,Mississauga,0.3,0.0,0,0
2024-10-02,Mississauga,10.0,0.0,0,0
2024-10-03,Mississauga,41.13,4.92,0,0
2024-10-04,Mississauga,24.62,3.19,0,0
2024-10-05,Mississauga,31.07,0.0,0,1
2024-10-06,Mississauga,1.64,0.0,0,1
2024-10-07,Mississauga,7.43,9.92,0,0
2024-10-08,Mississauga,42.99,6.77,0,0
2024-10-09,Mississauga,8.53,7.6,0,0
2024-10-10,Mississauga,32.25,7.88,0,0
2024-10-11,Mississauga,8.0,1.46,0,0
2024-10-12,Mississauga,0.13,0.77,0,1
2024-10-13,Mississauga,-1.99,1.68,0,1
2024-10-14,Mississauga,9.65,0.0,0,0
2024-10-15,Mississauga,50.28,3.48,0,0
2024-10-16,Mississauga,29.39,8.0,0,0
2024-10-17,Mississauga,39.14,0.0,0,0
2024-10-18,Mississauga,1.82,0.0,0,0
2024-10-19,Mississauga,-14.26,0.0,0,1
2024-10-20,Mississauga,7.72,1.53,0,1
2024-10-21,Mississauga,57.63,4.52,0,0
2024-10-22,Mississauga,24.55,2.71,0,0
2024-10-23,Mississauga,-9.69,3.48,0,0
2024-10-24,Mississauga,-14.21,1.1,0,0
2024-10-25,Mississauga,19.72,0.0,0,0
2024-10-26,Mississauga,12.89,0.0,0,1
2024-10-27,Mississauga,-6.58,4.44,0,1
2024-10-28,Mississauga,25.67,7.21,0,0
2024-10-29,Mississauga,6.38,0.0,0,0
2024-10-30,Mississauga,11.32,8.35,0,0
2024-10-31,Mississauga,-9.72,10.9,0,0
2024-11-01,Mississauga,-20.88,3.99,0,0
2024-11-02,Mississauga,22.45,9.34,0,1
2024-11-03,Mississauga,16.89,0.37,0,1
2024-11-04,Mississauga,12.52,0.0,0,0
2024-11-05,Mississauga,-19.85,0.79,0,0
2024-11-06,Mississauga,17.37,7.13,0,0
2024-11-07,Mississauga,2.71,9.39,0,0
2024-11-08,Mississauga,7.48,4.39,0,0
2024-11-09,Mississauga,21.19,2.27,0,1
2024-11-10,Mississauga,8.64,9.79,0,1
2024-11-11,Mississauga,-15.49,2.21,0,0
2024-11-12,Mississauga,-17.52,0.0,0,0
2024-11-13,Mississauga,9.2,0.0,0,0
2024-11-14,Mississauga,41.18,0.73,0,0
2024-11-15,Mississauga,27.03,2.26,0,0
2024-11-16,Mississauga,-8.02,0.0,0,1
2024-11-17,Mississauga,-10.46,3.64,0,1
2024-11-18,Mississauga,33.96,0.0,0,0
2024-11-19,Mississauga,22.57,1.09,0,0
2024-11-20,Mississauga,-5.97,3.77,0,0
2024-11-21,Mississauga,33.87,1.62,0,0
2024-11-22,Mississauga,22.44,3.54,0,0
2024-11-23,Mississauga,14.66,0.0,0,1
2024-11-24,Mississauga,17.36,0.0,0,1
2024-11-25,Mississauga,15.42,8.86,0,0
2024-11-26,Mississauga,37.06,0.0,0,0
2024-11-27,Mississauga,16.63,0.0,0,0
2024-11-28,Mississauga,12.11,11.61,0,0
2024-11-29,Mississauga,23.17,0.0,0,0
2024-11-30,Mississauga,-0.63,2.08,0,1
2024-12-01,Mississauga,11.27,2.66,0,1
2024-12-02,Mississauga,-12.34,12.0,0,0
2024-12-03,Mississauga,41.47,4.4,0,0
2024-12-04,Mississauga,-3.05,0.0,0,0
2024-12-05,Mississauga,-4.13,0.0,0,0
2024-12-06,Mississauga,0.49,4.11,0,0
2024-12-07,Mississauga,11.93,9.62,0,1
2024-12-08,Mississauga,-12.85,0.0,0,1
2024-12-09,Mississauga,-20.0,2.72,0,0
2024-12-10,Mississauga,34.01,0.0,0,0
2024-12-11,Mississauga,30.48,5.47,0,0
2024-12-12,Mississauga,23.0,4.93,0,0
2024-12-13,Mississauga,37.05,1.0,0,0
2024-12-14,Mississauga,20.3,11.23,0,1
2024-12-15,Mississauga,-5.35,0.92,0,1
2024-12-16,Mississauga,18.62,0.0,0,0
2024-12-17,Mississauga,-3.51,12.15,0,0
2024-12-18,Mississauga,-2.18,0.17,0,0
2024-12-19,Mississauga,13.24,4.14,0,0
2024-12-20,Mississauga,1.82,0.96,0,0
2024-12-21,Mississauga,-5.03,0.0,0,1
2024-12-22,Mississauga,20.43,6.53,0,1
2024-12-23,Mississauga,25.27,1.98,0,0
2024-12-24,Mississauga,7.05,0.0,1,0
2024-12-25,Mississauga,4.66,2.87,1,0
2024-12-26,Mississauga,26.32,0.0,0,0
2024-12-27,Mississauga,4.95,0.0,0,0
2024-12-28,Mississauga,-14.06,8.59,0,1
2024-12-29,Mississauga,-9.53,2.54,0,1
2024-12-30,Mississauga,25.39,0.0,0,0
2023-01-01,Ottawa,-8.36,2.6,0,1
2023-01-02,Ottawa,33.4,6.96,0,0
2023-01-03,Ottawa,6.27,0.0,0,0
2023-01-04,Ottawa,27.35,0.0,0,0
2023-01-05,Ottawa,24.05,0.0,0,0
2023-01-06,Ottawa,-12.31,0.0,0,0
2023-01-07,Ottawa,34.53,0.99,0,1
2023-01-08,Ottawa,-3.41,1.78,0,1
2023-01-09,Ottawa,1.42,0.0,0,0
2023-01-10,Ottawa,2.56,2.04,0,0
2023-01-11,Ottawa,21.36,0.0,0,0
2023-01-12,Ottawa,30.26,0.0,0,0
2023-01-13,Ottawa,13.84,1.71,0,0
2023-01-14,Ottawa,-2.1,7.68,0,1
2023-01-15,Ottawa,-1.91,9.09,0,1
2023-01-16,Ottawa,20.02,0.0,0,0
2023-01-17,Ottawa,-7.98,7.33,0,0
2023-01-18,Ottawa,-7.12,1.33,0,0
2023-01-19,Ottawa,20.45,4.32,0,0
2023-01-20,Ottawa,6.96,0.0,0,0
2023-01-21,Ottawa,20.83,0.0,0,1
2023-01-22,Ottawa,13.89,0.0,0,1
2023-01-23,Ottawa,-3.16,3.84,0,0
2023-01-24,Ottawa,-1.24,7.79,0,0
2023-01-25,Ottawa,20.6,0.0,0,0
2023-01-26,Ottawa,6.62,0.0,0,0
2023-01-27,Ottawa,17.09,9.84,0,0
2023-01-28,Ottawa,-7.93,2.94,0,1
2023-01-29,Ottawa,14.85,0.0,0,1
2023-01-30,Ottawa,-5.13,0.0,0,0
2023-01-31,Ottawa,18.41,0.2,0,0
2023-02-01,Ottawa,-0.88,12.32,0,0
2023-02-02,Ottawa,-17.03,8.43,0,0
2023-02-03,Ottawa,-22.31,0.0,0,0
2023-02-04,Ottawa,-15.48,0.0,0,1
2023-02-05,Ottawa,1.89,0.0,0,1
2023-02-06,Ottawa,13.75,6.39,0,0
2023-02-07,Ottawa,8.3,3.62,0,0
2023-02-08,Ottawa,33.41,0.0,0,0
2023-02-09,Ottawa,23.56,14.63,0,0
2023-02-10,Ottawa,37.21,10.15,0,0
2023-02-11,Ottawa,20.92,7.76,0,1
2023-02-12,Ottawa,2.74,1.59,0,1
2023-02-13,Ottawa,7.04,0.0,0,0
2023-02-14,Ottawa,12.2,0.0,0,0
2023-02-15,Ottawa,10.93,0.0,0,0
2023-02-16,Ottawa,2.0,8.58,0,0
2023-02-17,Ottawa,12.92,8.67,0,0
2023-02-18,Ottawa,0.92,0.76,0,1
2023-02-19,Ottawa,13.22,1.03,0,1
2023-02-20,Ottawa,-10.91,4.83,0,0
2023-02-21,Ottawa,-4.78,1.95,0,0
2023-02-22,Ottawa,-21.96,0.0,0,0
2023-02-23,Ottawa,8.11,4.81,0,0
2023-02-24,Ottawa,-8.53,0.0,0,0
2023-02-25,Ottawa,36.46,11.83,0,1
2023-02-26,Ottawa,17.72,8.4,0,1
2023-02-27,Ottawa,4.08,5.27,0,0
2023-02-28,Ottawa,19.05,0.0,0,0
2023-03-01,Ottawa,12.95,0.52,0,0
2023-03-02,Ottawa,15.52,0.0,0,0
2023-03-03,Ottawa,-11.82,2.09,0,0
2023-03-04,Ottawa,22.46,6.15,0,1
2023-03-05,Ottawa,-16.64,2.91,0,1
2023-03-06,Ottawa,20.33,2.69,0,0
2023-03-07,Ottawa,22.97,0.0,0,0
2023-03-08,Ottawa,-7.18,4.95,0,0
2023-03-09,Ottawa,4.78,7.86,0,0
2023-03-10,Ottawa,14.6,0.0,0,0
2023-03-11,Ottawa,-4.19,0.0,0,1
2023-03-12,Ottawa,20.31,1.42,0,1
2023-03-13,Ottawa,23.74,3.29,0,0
2023-03-14,Ottawa,11.72,6.08,0,0
2023-03-15,Ottawa,8.53,0.34,0,0
2023-03-16,Ottawa,10.0,6.21,0,0
2023-03-17,Ottawa,-4.13,6.62,0,0
2023-03-18,Ottawa,10.95,0.08,0,1
2023-03-19,Ottawa,12.75,7.88,0,1
2023-03-20,Ottawa,27.53,3.96,0,0
2023-03-21,Ottawa,19.39,2.22,0,0
2023-03-22,Ottawa,1.23,4.22,0,0
2023-03-23,Ottawa,3.27,0.0,0,0
2023-03-24,Ottawa,3.66,0.0,0,0
2023-03-25,Ottawa,-8.58,12.15,0,1
2023-03-26,Ottawa,26.89,0.8,0,1
2023-03-27,Ottawa,17.83,0.0,0,0
2023-03-28,Ottawa,19.92,3.31,0,0
2023-03-29,Ottawa,-0.57,0.38,0,0
2023-03-30,Ottawa,4.11,6.25,0,0
2023-03-31,Ottawa,8.78,0.0,0,0
2023-04-01,Ottawa,3.27,0.0,0,1
2023-04-02,Ottawa,-12.17,0.0,0,1
2023-04-03,Ottawa,-22.38,0.0,0,0
2023-04-04,Ottawa,12.94,4.27,0,0
2023-04-05,Ottawa,17.55,6.79,0,0
2023-04-06,Ottawa,27.81,0.0,0,0
2023-04-07,Ottawa,-10.65,2.21,0,0
2023-04-08,Ottawa,18.2,0.0,0,1
2023-04-09,Ottawa,13.97,11.11,0,1
2023-04-10,Ottawa,-10.04,2.03,0,0
2023-04-11,Ottawa,25.58,1.01,0,0
2023-04-12,Ottawa,16.19,6.55,0,0
2023-04-13,Ottawa,5.47,0.0,0,0
2023-04-14,Ottawa,8.49,0.0,0,0
2023-04-15,Ottawa,1.74,4.21,0,1
2023-04-16,Ottawa,12.72,6.99,0,1
2023-04-17,Ottawa,13.48,0.0,0,0
2023-04-18,Ottawa,-4.95,5.14,0,0
2023-04-19,Ottawa,13.6,1.04,0,0
2023-04-20,Ottawa,15.08,0.0,0,0
2023-04-21,Ottawa,-26.68,7.21,0,0
2023-04-22,Ottawa,19.73,1.57,0,1
2023-04-23,Ottawa,-3.48,0.93,0,1
2023-04-24,Ottawa,-15.95,2.57,0,0
2023-04-25,Ottawa,-19.04,2.53,0,0
2023-04-26,Ottawa,-0.58,1.26,0,0
2023-04-27,Ottawa,-7.09,9.54,0,0
2023-04-28,Ottawa,15.41,0.0,0,0
2023-04-29,Ottawa,7.31,10.03,0,1
2023-04-30,Ottawa,-4.25,0.0,0,1
2023-05-01,Ottawa,-7.33,0.0,0,0
2023-05-02,Ottawa,32.43,0.0,0,0
2023-05-03,Ottawa,3.74,3.01,0,0
2023-05-04,Ottawa,9.53,6.85,0,0
2023-05-05,Ottawa,22.32,3.64,0,0
2023-05-06,Ottawa,6.55,6.8,0,1
2023-05-07,Ottawa,-1.81,0.0,0,1
2023-05-08,Ottawa,3.88,7.81,0,0
2023-05-09,Ottawa,-2.55,0.0,0,0
2023-05-10,Ottawa,12.61,1.72,0,0
2023-05-11,Ottawa,4.31,4.34,0,0
2023-05-12,Ottawa,2.9,7.28,0,0
2023-05-13,Ottawa,13.56,7.08,0,1
2023-05-14,Ottawa,-1.86,1.26,0,1
2023-05-15,Ottawa,-18.46,8.69,0,0
2023-05-16,Ottawa,44.41,0.56,0,0
2023-05-17,Ottawa,15.59,2.57,0,0
2023-05-18,Ottawa,-9.38,8.24,0,0
2023-05-19,Ottawa,5.88,0.0,0,0
2023-05-20,Ottawa,-0.74,0.0,0,1
2023-05-21,Ottawa,11.83,2.58,0,1
2023-05-22,Ottawa,27.79,11.15,0,0
2023-05-23,Ottawa,38.67,0.0,0,0
2023-05-24,Ottawa,19.29,5.98,0,0
2023-05-25,Ottawa,2.15,3.44,0,0
2023-05-26,Ottawa,15.99,0.0,0,0
2023-05-27,Ottawa,29.23,3.18,0,1
2023-05-28,Ottawa,7.42,0.0,0,1
2023-05-29,Ottawa,27.27,2.37,0,0
2023-05-30,Ottawa,11.17,0.0,0,0
2023-05-31,Ottawa,23.41,0.0,0,0
2023-06-01,Ottawa,-23.12,0.0,0,0
2023-06-02,Ottawa,15.21,3.69,0,0
2023-06-03,Ottawa,12.11,1.14,0,1
2023-06-04,Ottawa,12.38,16.3,0,1
2023-06-05,Ottawa,13.75,0.0,0,0
2023-06-06,Ottawa,8.43,0.96,0,0
2023-06-07,Ottawa,11.04,0.0,0,0
2023-06-08,Ottawa,21.98,3.48,0,0
2023-06-09,Ottawa,-1.84,7.1,0,0
2023-06-10,Ottawa,-18.54,12.76,0,1
2023-06-11,Ottawa,38.28,10.63,0,1
2023-06-12,Ottawa,2.55,3.2,0,0
2023-06-13,Ottawa,0.67,4.15,0,0
2023-06-14,Ottawa,10.28,0.0,0,0
2023-06-15,Ottawa,2.94,2.41,0,0
2023-06-16,Ottawa,54.04,8.53,0,0
2023-06-17,Ottawa,11.29,1.09,0,1
2023-06-18,Ottawa,19.34,0.0,0,1
2023-06-19,Ottawa,6.58,0.0,0,0
2023-06-20,Ottawa,11.36,2.58,0,0
2023-06-21,Ottawa,1.84,4.26,0,0
2023-06-22,Ottawa,11.87,0.0,0,0
2023-06-23,Ottawa,22.35,1.1,0,0
2023-06-24,Ottawa,-5.71,0.0,0,1
2023-06-25,Ottawa,31.53,2.63,0,1
2023-06-26,Ottawa,11.25,1.78,0,0
2023-06-27,Ottawa,28.27,2.71,0,0
2023-06-28,Ottawa,33.22,2.73,0,0
2023-06-29,Ottawa,-30.12,8.33,0,0
2023-06-30,Ottawa,14.73,0.0,0,0
2023-07-01,Ottawa,6.15,0.46,0,1
2023-07-02,Ottawa,-8.62,6.39,0,1
2023-07-03,Ottawa,3.31,0.0,0,0
2023-07-04,Ottawa,74.48,0.0,0,0
2023-07-05,Ottawa,8.68,0.0,0,0
2023-07-06,Ottawa,28.81,0.59,0,0
2023-07-07,Ottawa,22.25,0.0,0,0
2023-07-08,Ottawa,-14.24,0.0,0,1
2023-07-09,Ottawa,30.18,4.89,0,1
2023-07-10,Ottawa,-14.25,0.0,0,0
2023-07-11,Ottawa,5.18,7.46,0,0
2023-07-12,Ottawa,-1.38,7.38,0,0
2023-07-13,Ottawa,11.9,10.76,0,0
2023-07-14,Ottawa,-0.18,1.7,0,0
2023-07-15,Ottawa,0.17,6.93,0,1
2023-07-16,Ottawa,18.86,0.0,0,1
2023-07-17,Ottawa,20.38,0.0,0,0
2023-07-18,Ottawa,-3.67,5.73,0,0
2023-07-19,Ottawa,-8.82,0.14,0,0
2023-07-20,Ottawa,21.39,4.08,0,0
2023-07-21,Ottawa,15.35,5.96,0,0
2023-07-22,Ottawa,29.61,0.0,0,1
2023-07-23,Ottawa,15.0,6.82,0,1
2023-07-24,Ottawa,21.52,1.2,0,0
2023-07-25,Ottawa,6.74,6.12,0,0
2023-07-26,Ottawa,13.21,7.47,0,0
2023-07-27,Ottawa,11.65,0.13,0,0
2023-07-28,Ottawa,-16.45,0.85,0,0
2023-07-29,Ottawa,-8.46,0.0,0,1
2023-07-30,Ottawa,-2.98,5.52,0,1
2023-07-31,Ottawa,6.37,2.89,0,0
2023-08-01,Ottawa,20.1,1.82,0,0
2023-08-02,Ottawa,-0.32,0.0,0,0
2023-08-03,Ottawa,21.59,1.87,0,0
2023-08-04,Ottawa,-28.16,0.23,0,0
2023-08-05,Ottawa,17.98,2.91,0,1
2023-08-06,Ottawa,-5.31,0.0,0,1
2023-08-07,Ottawa,-19.23,4.75,0,0
2023-08-08,Ottawa,19.33,1.33,0,0
2023-08-09,Ottawa,4.75,0.0,0,0
2023-08-10,Ottawa,14.99,0.0,0,0
2023-08-11,Ottawa,21.65,4.9,0,0
2023-08-12,Ottawa,27.52,2.25,0,1
2023-08-13,Ottawa,2.2,4.16,0,1
2023-08-14,Ottawa,21.71,0.0,0,0
2023-08-15,Ottawa,8.96,3.33,0,0
2023-08-16,Ottawa,17.22,0.24,0,0
2023-08-17,Ottawa,19.47,0.0,0,0
2023-08-18,Ottawa,40.27,0.0,0,0
2023-08-19,Ottawa,16.12,0.0,0,1
2023-08-20,Ottawa,11.47,0.0,0,1
2023-08-21,Ottawa,26.13,0.0,0,0
2023-08-22,Ottawa,11.22,1.68,0,0
2023-08-23,Ottawa,-0.52,0.0,0,0
2023-08-24,Ottawa,25.89,2.72,0,0
2023-08-25,Ottawa,-16.1,0.0,0,0
2023-08-26,Ottawa,5.17,1.59,0,1
2023-08-27,Ottawa,6.78,9.22,0,1
2023-08-28,Ottawa,-15.04,3.06,0,0
2023-08-29,Ottawa,19.68,5.12,0,0
2023-08-30,Ottawa,23.41,2.58,0,0
2023-08-31,Ottawa,13.69,0.35,0,0
2023-09-01,Ottawa,-12.64,3.64,0,0
2023-09-02,Ottawa,3.96,0.0,0,1
2023-09-03,Ottawa,15.59,4.31,0,1
2023-09-04,Ottawa,-0.59,3.25,0,0
2023-09-05,Ottawa,8.78,2.95,0,0
2023-09-06,Ottawa,28.8,4.21,0,0
2023-09-07,Ottawa,15.5,0.0,0,0
2023-09-08,Ottawa,-1.17,4.41,0,0
2023-09-09,Ottawa,-13.81,0.22,0,1
2023-09-10,Ottawa,-1.45,1.29,0,1
2023-09-11,Ottawa,6.77,2.65,0,0
2023-09-12,Ottawa,16.98,6.83,0,0
2023-09-13,Ottawa,25.63,0.81,0,0
2023-09-14,Ottawa,1.14,0.0,0,0
2023-09-15,Ottawa,5.16,0.0,0,0
2023-09-16,Ottawa,17.04,7.12,0,1
2023-09-17,Ottawa,-12.87,2.05,0,1
2023-09-18,Ottawa,33.34,0.0,0,0
2023-09-19,Ottawa,32.16,0.0,0,0
2023-09-20,Ottawa,0.89,5.09,0,0
2023-09-21,Ottawa,17.61,1.47,0,0
2023-09-22,Ottawa,-1.45,0.0,0,0
2023-09-23,Ottawa,8.85,0.94,0,1
2023-09-24,Ottawa,-1.88,0.72,0,1
2023-09-25,Ottawa,13.76,7.35,0,0
2023-09-26,Ottawa,12.93,1.12,0,0
2023-09-27,Ottawa,-2.35,0.0,0,0
2023-09-28,Ottawa,13.25,3.35,0,0
2023-09-29,Ottawa,6.67,6.53,0,0
2023-09-30,Ottawa,10.88,0.0,0,1
2023-10-01,Ottawa,0.17,0.0,0,1
2023-10-02,Ottawa,17.2,0.0,0,0
2023-10-03,Ottawa,11.61,0.0,0,0
2023-10-04,Ottawa,7.49,1.73,0,0
2023-10-05,Ottawa,45.46,0.0,0,0
2023-10-06,Ottawa,22.13,0.0,0,0
2023-10-07,Ottawa,30.25,0.0,0,1
2023-10-08,Ottawa,25.54,3.11,0,1
2023-10-09,Ottawa,-9.97,2.99,0,0
2023-10-10,Ottawa,17.73,4.94,0,0
2023-10-11,Ottawa,6.45,14.97,0,0
2023-10-12,Ottawa,39.19,3.69,0,0
2023-10-13,Ottawa,-9.74,0.0,0,0
2023-10-14,Ottawa,5.97,1.52,0,1
2023-10-15,Ottawa,-2.39,0.0,0,1
2023-10-16,Ottawa,-19.83,0.0,0,0
2023-10-17,Ottawa,10.21,9.96,0,0
2023-10-18,Ottawa,-13.27,0.93,0,0
2023-10-19,Ottawa,9.72,3.86,0,0
2023-10-20,Ottawa,2.34,0.0,0,0
2023-10-21,Ottawa,19.69,0.0,0,1
2023-10-22,Ottawa,15.73,0.0,0,1
2023-10-23,Ottawa,13.66,7.8,0,0
2023-10-24,Ottawa,-0.3,0.16,0,0
2023-10-25,Ottawa,3.69,13.39,0,0
2023-10-26,Ottawa,8.08,1.13,0,0
2023-10-27,Ottawa,8.7,8.76,0,0
2023-10-28,Ottawa,0.43,5.97,0,1
2023-10-29,Ottawa,-1.39,0.0,0,1
2023-10-30,Ottawa,15.56,8.07,0,0
2023-10-31,Ottawa,4.25,0.05,0,0
2023-11-01,Ottawa,19.53,1.95,0,0
2023-11-02,Ottawa,20.2,0.0,0,0
2023-11-03,Ottawa,-5.59,1.69,0,0
2023-11-04,Ottawa,16.78,1.35,0,1
2023-11-05,Ottawa,11.2,5.03,0,1
2023-11-06,Ottawa,-8.7,5.03,0,0
2023-11-07,Ottawa,25.76,0.29,0,0
2023-11-08,Ottawa,-2.92,6.44,0,0
2023-11-09,Ottawa,35.79,2.74,0,0
2023-11-10,Ottawa,-3.24,1.97,0,0
2023-11-11,Ottawa,-2.51,5.58,0,1
2023-11-12,Ottawa,9.24,0.0,0,1
2023-11-13,Ottawa,12.99,0.0,0,0
2023-11-14,Ottawa,-9.73,5.8,0,0
2023-11-15,Ottawa,14.48,0.0,0,0
2023-11-16,Ottawa,29.08,0.0,0,0
2023-11-17,Ottawa,3.48,3.88,0,0
2023-11-18,Ottawa,23.14,3.95,0,1
2023-11-19,Ottawa,1.54,0.81,0,1
2023-11-20,Ottawa,0.32,0.34,0,0
2023-11-21,Ottawa,6.15,4.08,0,0
2023-11-22,Ottawa,-0.35,6.77,0,0
2023-11-23,Ottawa,9.63,0.0,0,0
2023-11-24,Ottawa,15.83,1.4,0,0
2023-11-25,Ottawa,3.1,9.08,0,1
2023-11-26,Ottawa,5.31,0.0,0,1
2023-11-27,Ottawa,24.41,4.52,0,0
2023-11-28,Ottawa,21.32,0.0,0,0
2023-11-29,Ottawa,13.3,0.0,0,0
2023-11-30,Ottawa,-18.81,0.0,0,0
2023-12-01,Ottawa,10.71,14.0,0,0
2023-12-02,Ottawa,28.75,0.0,0,1
2023-12-03,Ottawa,23.13,0.0,0,1
2023-12-04,Ottawa,33.0,0.0,0,0
2023-12-05,Ottawa,1.38,7.1,0,0
2023-12-06,Ottawa,1.61,10.74,0,0
2023-12-07,Ottawa,1.45,6.44,0,0
2023-12-08,Ottawa,11.74,5.39,0,0
2023-12-09,Ottawa,-5.12,0.0,0,1
2023-12-10,Ottawa,-4.08,0.0,0,1
2023-12-11,Ottawa,7.0,0.0,0,0
2023-12-12,Ottawa,-22.05,0.0,0,0
2023-12-13,Ottawa,10.59,0.78,0,0
2023-12-14,Ottawa,4.38,0.0,0,0
2023-12-15,Ottawa,10.85,0.0,0,0
2023-12-16,Ottawa,6.32,0.0,0,1
2023-12-17,Ottawa,-8.73,1.09,0,1
2023-12-18,Ottawa,-19.79,0.0,0,0
2023-12-19,Ottawa,15.05,4.06,0,0
2023-12-20,Ottawa,10.2,3.12,0,0
2023-12-21,Ottawa,19.3,2.52,0,0
2023-12-22,Ottawa,27.65,0.0,0,0
2023-12-23,Ottawa,22.37,0.0,0,1
2023-12-24,Ottawa,0.6,5.65,1,1
2023-12-25,Ottawa,19.3,0.0,1,0
2023-12-26,Ottawa,9.28,0.0,0,0
2023-12-27,Ottawa,22.71,1.61,0,0
2023-12-28,Ottawa,0.28,3.91,0,0
2023-12-29,Ottawa,18.69,1.02,0,0
2023-12-30,Ottawa,19.8,9.81,0,1
2023-12-31,Ottawa,-21.21,8.03,1,1
2024-01-01,Ottawa,31.48,4.25,0,0
2024-01-02,Ottawa,5.31,0.0,0,0
2024-01-03,Ottawa,10.64,0.0,0,0
2024-01-04,Ottawa,-10.87,0.0,0,0
2024-01-05,Ottawa,9.4,3.35,0,0
2024-01-06,Ottawa,-5.37,0.0,0,1
2024-01-07,Ottawa,6.17,0.0,0,1
2024-01-08,Ottawa,3.45,0.0,0,0
2024-01-09,Ottawa,5.19,3.86,0,0
2024-01-10,Ottawa,3.35,2.52,0,0
2024-01-11,Ottawa,5.59,0.0,0,0
2024-01-12,Ottawa,11.22,0.0,0,0
2024-01-13,Ottawa,-9.87,5.39,0,1
2024-01-14,Ottawa,14.04,0.0,0,1
2024-01-15,Ottawa,7.67,2.8,0,0
2024-01-16,Ottawa,-15.48,0.0,0,0
2024-01-17,Ottawa,-6.39,4.49,0,0
2024-01-18,Ottawa,33.48,4.96,0,0
2024-01-19,Ottawa,11.77,0.0,0,0
2024-01-20,Ottawa,21.11,0.19,0,1
2024-01-21,Ottawa,-5.17,5.61,0,1
2024-01-22,Ottawa,29.95,5.69,0,0
2024-01-23,Ottawa,45.68,0.0,0,0
2024-01-24,Ottawa,2.97,0.0,0,0
2024-01-25,Ottawa,-3.3,8.99,0,0
2024-01-26,Ottawa,-6.62,0.0,0,0
2024-01-27,Ottawa,28.91,3.93,0,1
2024-01-28,Ottawa,-5.24,1.6,0,1
2024-01-29,Ottawa,-15.48,0.99,0,0
2024-01-30,Ottawa,11.15,2.7,0,0
2024-01-31,Ottawa,38.16,5.72,0,0
2024-02-01,Ottawa,-7.56,2.54,0,0
2024-02-02,Ottawa,9.02,11.33,0,0
2024-02-03,Ottawa,3.38,2.65,0,1
2024-02-04,Ottawa,14.01,0.0,0,1
2024-02-05,Ottawa,-12.87,0.87,0,0
2024-02-06,Ottawa,20.0,0.0,0,0
2024-02-07,Ottawa,8.5,0.0,0,0
2024-02-08,Ottawa,-19.04,3.17,0,0
2024-02-09,Ottawa,16.14,5.35,0,0
2024-02-10,Ottawa,21.75,1.5,0,1
2024-02-11,Ottawa,16.01,2.94,0,1
2024-02-12,Ottawa,-28.6,0.0,0,0
2024-02-13,Ottawa,-1.11,2.26,0,0
2024-02-14,Ottawa,14.02,5.26,0,0
2024-02-15,Ottawa,20.12,2.93,0,0
2024-02-16,Ottawa,17.38,9.67,0,0
2024-02-17,Ottawa,16.16,1.83,0,1
2024-02-18,Ottawa,16.87,6.08,0,1
2024-02-19,Ottawa,33.24,0.0,0,0
2024-02-20,Ottawa,-14.59,3.04,0,0
2024-02-21,Ottawa,-11.68,0.75,0,0
2024-02-22,Ottawa,37.16,2.02,0,0
2024-02-23,Ottawa,10.22,0.0,0,0
2024-02-24,Ottawa,32.58,4.12,0,1
2024-02-25,Ottawa,2.98,9.4,0,1
2024-02-26,Ottawa,12.78,0.0,0,0
2024-02-27,Ottawa,-21.32,2.69,0,0
2024-02-28,Ottawa,3.23,0.43,0,0
2024-02-29,Ottawa,4.44,0.0,0,0
2024-03-01,Ottawa,48.46,0.0,0,0
2024-03-02,Ottawa,20.02,0.91,0,1
2024-03-03,Ottawa,-31.06,1.26,0,1
2024-03-04,Ottawa,11.79,0.0,0,0
2024-03-05,Ottawa,31.76,10.96,0,0
2024-03-06,Ottawa,14.31,4.12,0,0
2024-03-07,Ottawa,-7.29,0.0,0,0
2024-03-08,Ottawa,0.18,12.0,0,0
2024-03-09,Ottawa,1.77,8.59,0,1
2024-03-10,Ottawa,-0.84,0.0,0,1
2024-03-11,Ottawa,2.49,0.0,0,0
2024-03-12,Ottawa,-0.88,9.81,0,0
2024-03-13,Ottawa,9.19,1.01,0,0
2024-03-14,Ottawa,10.38,6.57,0,0
2024-03-15,Ottawa,10.38,3.53,0,0
2024-03-16,Ottawa,25.27,0.0,0,1
2024-03-17,Ottawa,-2.57,2.54,0,1
2024-03-18,Ottawa,-0.62,0.84,0,0
2024-03-19,Ottawa,-6.54,0.0,0,0
2024-03-20,Ottawa,26.66,0.17,0,0
2024-03-21,Ottawa,3.12,0.0,0,0
2024-03-22,Ottawa,-3.28,0.0,0,0
2024-03-23,Ottawa,-9.37,0.0,0,1
2024-03-24,Ottawa,8.27,5.2,0,1
2024-03-25,Ottawa,8.73,0.0,0,0
2024-03-26,Ottawa,1.88,0.0,0,0
2024-03-27,Ottawa,0.08,0.11,0,0
2024-03-28,Ottawa,23.34,5.37,0,0
2024-03-29,Ottawa,33.95,0.0,0,0
2024-03-30,Ottawa,-6.75,0.15,0,1
2024-03-31,Ottawa,27.5,0.0,0,1
2024-04-01,Ottawa,11.71,0.31,0,0
2024-04-02,Ottawa,19.35,4.1,0,0
2024-04-03,Ottawa,19.29,4.45,0,0
2024-04-04,Ottawa,52.03,10.92,0,0
2024-04-05,Ottawa,22.38,0.0,0,0
2024-04-06,Ottawa,4.36,7.75,0,1
2024-04-07,Ottawa,27.82,0.0,0,1
2024-04-08,Ottawa,-19.99,0.0,0,0
2024-04-09,Ottawa,27.59,8.8,0,0
2024-04-10,Ottawa,10.26,3.62,0,0
2024-04-11,Ottawa,36.74,12.07,0,0
2024-04-12,Ottawa,20.19,1.89,0,0
2024-04-13,Ottawa,3.51,0.59,0,1
2024-04-14,Ottawa,-1.62,5.26,0,1
2024-04-15,Ottawa,8.03,0.0,0,0
2024-04-16,Ottawa,26.94,4.76,0,0
2024-04-17,Ottawa,13.87,1.2,0,0
2024-04-18,Ottawa,16.86,0.26,0,0
2024-04-19,Ottawa,51.54,13.41,0,0
2024-04-20,Ottawa,-2.26,0.7,0,1
2024-04-21,Ottawa,-3.48,0.0,0,1
2024-04-22,Ottawa,35.6,1.25,0,0
2024-04-23,Ottawa,-6.41,0.0,0,0
2024-04-24,Ottawa,13.34,3.79,0,0
2024-04-25,Ottawa,16.17,7.35,0,0
2024-04-26,Ottawa,23.44,0.0,0,0
2024-04-27,Ottawa,-6.33,6.87,0,1
2024-04-28,Ottawa,0.73,0.0,0,1
2024-04-29,Ottawa,-10.6,6.68,0,0
2024-04-30,Ottawa,23.79,2.64,0,0
2024-05-01,Ottawa,-4.14,1.69,0,0
2024-05-02,Ottawa,7.6,0.0,0,0
2024-05-03,Ottawa,20.26,0.0,0,0
2024-05-04,Ottawa,18.1,3.67,0,1
2024-05-05,Ottawa,-11.62,11.97,0,1
2024-05-06,Ottawa,18.65,0.0,0,0
2024-05-07,Ottawa,-11.55,9.92,0,0
2024-05-08,Ottawa,12.7,4.8,0,0
2024-05-09,Ottawa,15.82,7.44,0,0
2024-05-10,Ottawa,26.98,0.0,0,0
2024-05-11,Ottawa,17.55,0.0,0,1
2024-05-12,Ottawa,-6.32,0.48,0,1
2024-05-13,Ottawa,-15.51,0.0,0,0
2024-05-14,Ottawa,-22.59,1.9,0,0
2024-05-15,Ottawa,34.64,2.16,0,0
2024-05-16,Ottawa,10.52,0.2,0,0
2024-05-17,Ottawa,24.65,1.74,0,0
2024-05-18,Ottawa,-6.49,2.85,0,1
2024-05-19,Ottawa,33.29,0.0,0,1
2024-05-20,Ottawa,-4.11,1.48,0,0
2024-05-21,Ottawa,4.74,4.1,0,0
2024-05-22,Ottawa,-4.74,0.0,0,0
2024-05-23,Ottawa,10.79,2.43,0,0
2024-05-24,Ottawa,49.05,5.92,0,0
2024-05-25,Ottawa,-13.11,0.0,0,1
2024-05-26,Ottawa,-10.42,10.07,0,1
2024-05-27,Ottawa,-6.04,4.94,0,0
2024-05-28,Ottawa,17.31,0.0,0,0
2024-05-29,Ottawa,3.72,0.68,0,0
2024-05-30,Ottawa,-13.71,10.92,0,0
2024-05-31,Ottawa,12.56,9.97,0,0
2024-06-01,Ottawa,43.12,2.8,0,1
2024-06-02,Ottawa,15.6,0.0,0,1
2024-06-03,Ottawa,30.0,1.76,0,0
2024-06-04,Ottawa,3.65,0.0,0,0
2024-06-05,Ottawa,11.1,5.11,0,0
2024-06-06,Ottawa,13.05,4.31,0,0
2024-06-07,Ottawa,6.77,4.52,0,0
2024-06-08,Ottawa,17.11,8.07,0,1
2024-06-09,Ottawa,22.09,2.77,0,1
2024-06-10,Ottawa,16.22,0.0,0,0
2024-06-11,Ottawa,29.17,0.75,0,0
2024-06-12,Ottawa,8.13,0.0,0,0
2024-06-13,Ottawa,-3.3,0.0,0,0
2024-06-14,Ottawa,-6.16,0.8,0,0
2024-06-15,Ottawa,22.5,1.89,0,1
2024-06-16,Ottawa,19.95,4.41,0,1
2024-06-17,Ottawa,3.27,8.19,0,0
2024-06-18,Ottawa,24.99,6.11,0,0
2024-06-19,Ottawa,16.24,0.3,0,0
2024-06-20,Ottawa,4.87,1.85,0,0
2024-06-21,Ottawa,30.67,7.59,0,0
2024-06-22,Ottawa,-11.64,3.3,0,1
2024-06-23,Ottawa,-27.31,0.0,0,1
2024-06-24,Ottawa,-0.16,4.78,0,0
2024-06-25,Ottawa,-6.32,0.0,0,0
2024-06-26,Ottawa,2.52,1.96,0,0
2024-06-27,Ottawa,-16.08,7.69,0,0
2024-06-28,Ottawa,6.98,2.13,0,0
2024-06-29,Ottawa,26.54,0.0,0,1
2024-06-30,Ottawa,32.22,2.03,0,1
2024-07-01,Ottawa,21.88,4.22,0,0
2024-07-02,Ottawa,20.3,2.38,0,0
2024-07-03,Ottawa,2.98,11.69,0,0
2024-07-04,Ottawa,9.7,0.0,0,0
2024-07-05,Ottawa,32.03,0.45,0,0
2024-07-06,Ottawa,-15.85,0.0,0,1
2024-07-07,Ottawa,-19.37,0.0,0,1
2024-07-08,Ottawa,36.37,4.29,0,0
2024-07-09,Ottawa,9.93,0.0,0,0
2024-07-10,Ottawa,7.93,7.57,0,0
2024-07-11,Ottawa,-17.42,16.7,0,0
2024-07-12,Ottawa,-3.24,0.75,0,0
2024-07-13,Ottawa,7.6,1.07,0,1
2024-07-14,Ottawa,-0.08,6.37,0,1
2024-07-15,Ottawa,27.11,6.78,0,0
2024-07-16,Ottawa,11.34,0.0,0,0
2024-07-17,Ottawa,7.22,1.57,0,0
2024-07-18,Ottawa,-4.71,2.89,0,0
2024-07-19,Ottawa,36.99,1.15,0,0
2024-07-20,Ottawa,17.5,0.0,0,1
2024-07-21,Ottawa,23.29,0.0,0,1
2024-07-22,Ottawa,3.8,4.59,0,0
2024-07-23,Ottawa,-4.86,4.16,0,0
2024-07-24,Ottawa,25.77,2.81,0,0
2024-07-25,Ottawa,23.03,0.0,0,0
2024-07-26,Ottawa,16.72,0.0,0,0
2024-07-27,Ottawa,15.78,9.91,0,1
2024-07-28,Ottawa,-34.77,0.0,0,1
2024-07-29,Ottawa,-24.36,0.0,0,0
2024-07-30,Ottawa,2.87,6.3,0,0
2024-07-31,Ottawa,22.12,5.89,0,0
2024-08-01,Ottawa,18.4,0.0,0,0
2024-08-02,Ottawa,22.03,0.0,0,0
2024-08-03,Ottawa,16.72,0.0,0,1
2024-08-04,Ottawa,7.29,1.66,0,1
2024-08-05,Ottawa,15.18,0.0,0,0
2024-08-06,Ottawa,19.92,0.0,0,0
2024-08-07,Ottawa,35.51,0.0,0,0
2024-08-08,Ottawa,-19.36,1.64,0,0
2024-08-09,Ottawa,3.82,0.0,0,0
2024-08-10,Ottawa,30.19,5.77,0,1
2024-08-11,Ottawa,16.93,0.0,0,1
2024-08-12,Ottawa,2.05,0.0,0,0
2024-08-13,Ottawa,-17.4,3.36,0,0
2024-08-14,Ottawa,15.17,2.61,0,0
2024-08-15,Ottawa,13.41,0.0,0,0
2024-08-16,Ottawa,-3.42,0.42,0,0
2024-08-17,Ottawa,30.77,7.81,0,1
2024-08-18,Ottawa,17.75,12.07,0,1
2024-08-19,Ottawa,17.65,5.18,0,0
2024-08-20,Ottawa,32.2,5.48,0,0
2024-08-21,Ottawa,34.73,2.14,0,0
2024-08-22,Ottawa,0.4,1.52,0,0
2024-08-23,Ottawa,13.57,0.0,0,0
2024-08-24,Ottawa,-0.69,0.0,0,1
2024-08-25,Ottawa,-6.48,0.0,0,1
2024-08-26,Ottawa,21.02,5.97,0,0
2024-08-27,Ottawa,-11.04,3.55,0,0
2024-08-28,Ottawa,8.96,7.26,0,0
2024-08-29,Ottawa,5.96,0.0,0,0
2024-08-30,Ottawa,2.7,0.0,0,0
2024-08-31,Ottawa,-23.83,1.73,0,1
2024-09-01,Ottawa,17.79,2.94,0,1
2024-09-02,Ottawa,-9.27,0.0,0,0
2024-09-03,Ottawa,13.27,10.49,0,0
2024-09-04,Ottawa,29.42,0.53,0,0
2024-09-05,Ottawa,13.17,6.57,0,0
2024-09-06,Ottawa,7.84,0.0,0,0
2024-09-07,Ottawa,-32.3,2.91,0,1
2024-09-08,Ottawa,7.02,0.0,0,1
2024-09-09,Ottawa,-11.41,0.69,0,0
2024-09-10,Ottawa,1.8,9.16,0,0
2024-09-11,Ottawa,31.28,0.0,0,0
2024-09-12,Ottawa,32.57,10.08,0,0
2024-09-13,Ottawa,14.39,0.0,0,0
2024-09-14,Ottawa,11.79,0.0,0,1
2024-09-15,Ottawa,1.18,3.33,0,1
2024-09-16,Ottawa,15.78,0.0,0,0
2024-09-17,Ottawa,11.05,0.0,0,0
2024-09-18,Ottawa,31.11,9.24,0,0
2024-09-19,Ottawa,20.66,0.66,0,0
2024-09-20,Ottawa,-2.35,6.23,0,0
2024-09-21,Ottawa,12.77,0.0,0,1
2024-09-22,Ottawa,25.88,0.0,0,1
2024-09-23,Ottawa,-2.96,6.73,0,0
2024-09-24,Ottawa,-1.83,2.63,0,0
2024-09-25,Ottawa,29.25,7.91,0,0
2024-09-26,Ottawa,15.12,0.0,0,0
2024-09-27,Ottawa,2.54,14.08,0,0
2024-09-28,Ottawa,24.22,0.84,0,1
2024-09-29,Ottawa,-8.89,0.0,0,1
2024-09-30,Ottawa,28.23,8.18,0,0
2024-10-01,Ottawa,9.43,0.0,0,0
2024-10-02,Ottawa,27.01,0.0,0,0
2024-10-03,Ottawa,39.97,5.69,0,0
2024-10-04,Ottawa,-8.79,5.93,0,0
2024-10-05,Ottawa,-0.25,0.0,0,1
2024-10-06,Ottawa,21.74,0.0,0,1
2024-10-07,Ottawa,-10.05,4.42,0,0
2024-10-08,Ottawa,8.45,7.06,0,0
2024-10-09,Ottawa,5.5,0.05,0,0
2024-10-10,Ottawa,-20.55,4.51,0,0
2024-10-11,Ottawa,9.73,7.94,0,0
2024-10-12,Ottawa,21.4,3.66,0,1
2024-10-13,Ottawa,-0.96,0.0,0,1
2024-10-14,Ottawa,18.24,1.74,0,0
2024-10-15,Ottawa,31.27,8.57,0,0
2024-10-16,Ottawa,6.24,2.47,0,0
2024-10-17,Ottawa,-1.92,1.49,0,0
2024-10-18,Ottawa,24.25,0.0,0,0
2024-10-19,Ottawa,4.5,0.0,0,1
2024-10-20,Ottawa,1.55,5.07,0,1
2024-10-21,Ottawa,6.39,0.0,0,0
2024-10-22,Ottawa,13.18,1.74,0,0
2024-10-23,Ottawa,26.81,1.32,0,0
2024-10-24,Ottawa,-4.93,6.82,0,0
2024-10-25,Ottawa,-4.54,0.0,0,0
2024-10-26,Ottawa,-5.6,0.0,0,1
2024-10-27,Ottawa,-18.36,0.0,0,1
2024-10-28,Ottawa,21.71,1.14,0,0
2024-10-29,Ottawa,7.52,1.72,0,0
2024-10-30,Ottawa,18.46,0.0,0,0
2024-10-31,Ottawa,18.41,2.56,0,0
2024-11-01,Ottawa,-4.37,5.05,0,0
2024-11-02,Ottawa,10.86,0.0,0,1
2024-11-03,Ottawa,-4.56,4.4,0,1
2024-11-04,Ottawa,25.22,3.41,0,0
2024-11-05,Ottawa,23.34,8.16,0,0
2024-11-06,Ottawa,6.62,2.82,0,0
2024-11-07,Ottawa,20.04,0.0,0,0
2024-11-08,Ottawa,25.51,8.82,0,0
2024-11-09,Ottawa,-1.07,16.35,0,1
2024-11-10,Ottawa,21.92,1.24,0,1
2024-11-11,Ottawa,-21.16,1.54,0,0
2024-11-12,Ottawa,16.33,3.54,0,0
2024-11-13,Ottawa,-9.66,0.0,0,0
2024-11-14,Ottawa,20.2,4.96,0,0
2024-11-15,Ottawa,24.13,2.59,0,0
2024-11-16,Ottawa,9.52,4.56,0,1
2024-11-17,Ottawa,11.42,0.0,0,1
2024-11-18,Ottawa,32.81,6.61,0,0
2024-11-19,Ottawa,16.35,0.0,0,0
2024-11-20,Ottawa,22.57,0.0,0,0
2024-11-21,Ottawa,22.45,4.73,0,0
2024-11-22,Ottawa,4.9,7.26,0,0
2024-11-23,Ottawa,-7.88,2.28,0,1
2024-11-24,Ottawa,34.88,4.43,0,1
2024-11-25,Ottawa,23.7,2.4,0,0
2024-11-26,Ottawa,9.68,0.0,0,0
2024-11-27,Ottawa,7.66,5.37,0,0
2024-11-28,Ottawa,-6.41,0.0,0,0
2024-11-29,Ottawa,16.29,6.13,0,0
2024-11-30,Ottawa,40.23,0.63,0,1
2024-12-01,Ottawa,6.29,6.16,0,1
2024-12-02,Ottawa,18.56,0.71,0,0
2024-12-03,Ottawa,9.58,0.0,0,0
2024-12-04,Ottawa,-7.34,1.32,0,0
2024-12-05,Ottawa,32.84,0.0,0,0
2024-12-06,Ottawa,-11.53,0.0,0,0
2024-12-07,Ottawa,17.97,4.14,0,1
2024-12-08,Ottawa,29.06,7.31,0,1
2024-12-09,Ottawa,14.46,5.25,0,0
2024-12-10,Ottawa,-1.24,5.45,0,0
2024-12-11,Ottawa,8.37,6.25,0,0
2024-12-12,Ottawa,16.28,0.0,0,0
2024-12-13,Ottawa,-6.51,0.0,0,0
2024-12-14,Ottawa,12.77,0.0,0,1
2024-12-15,Ottawa,7.71,7.44,0,1
2024-12-16,Ottawa,27.62,4.39,0,0
2024-12-17,Ottawa,30.45,0.0,0,0
2024-12-18,Ottawa,29.46,0.0,0,0
2024-12-19,Ottawa,10.15,0.0,0,0
2024-12-20,Ottawa,21.08,0.0,0,0
2024-12-21,Ottawa,-16.47,0.0,0,1
2024-12-22,Ottawa,-0.88,0.0,0,1
2024-12-23,Ottawa,-0.12,5.44,0,0
2024-12-24,Ottawa,8.73,9.75,1,0
2024-12-25,Ottawa,13.46,6.41,1,0
2024-12-26,Ottawa,18.7,0.0,0,0
2024-12-27,Ottawa,2.19,6.97,0,0
2024-12-28,Ottawa,-16.64,4.43,0,1
2024-12-29,Ottawa,7.33,0.0,0,1
2024-12-30,Ottawa,6.01,10.1,0,0
2023-01-01,Vaughan,-15.86,0.0,0,1
2023-01-02,Vaughan,-19.07,0.0,0,0
2023-01-03,Vaughan,0.63,2.8,0,0
2023-01-04,Vaughan,2.81,4.25,0,0
2023-01-05,Vaughan,-1.82,12.49,0,0
2023-01-06,Vaughan,19.22,4.58,0,0
2023-01-07,Vaughan,19.4,0.0,0,1
2023-01-08,Vaughan,6.3,0.98,0,1
2023-01-09,Vaughan,2.92,0.26,0,0
2023-01-10,Vaughan,22.44,1.71,0,0
2023-01-11,Vaughan,14.49,0.0,0,0
2023-01-12,Vaughan,-16.22,0.0,0,0
2023-01-13,Vaughan,34.59,12.04,0,0
2023-01-14,Vaughan,24.75,0.03,0,1
2023-01-15,Vaughan,16.4,8.31,0,1
2023-01-16,Vaughan,37.82,0.0,0,0
2023-01-17,Vaughan,13.06,0.39,0,0
2023-01-18,Vaughan,18.79,2.26,0,0
2023-01-19,Vaughan,-5.0,3.97,0,0
2023-01-20,Vaughan,-0.45,1.82,0,0
2023-01-21,Vaughan,10.19,10.44,0,1
2023-01-22,Vaughan,14.81,1.55,0,1
2023-01-23,Vaughan,20.86,0.0,0,0
2023-01-24,Vaughan,11.51,5.17,0,0
2023-01-25,Vaughan,18.83,0.0,0,0
2023-01-26,Vaughan,15.46,5.4,0,0
2023-01-27,Vaughan,-3.58,0.0,0,0
2023-01-28,Vaughan,5.16,13.65,0,1
2023-01-29,Vaughan,-1.22,3.63,0,1
2023-01-30,Vaughan,4.7,0.0,0,0
2023-01-31,Vaughan,20.47,0.0,0,0
2023-02-01,Vaughan,31.65,0.0,0,0
2023-02-02,Vaughan,0.02,4.86,0,0
2023-02-03,Vaughan,21.29,3.17,0,0
2023-02-04,Vaughan,2.01,0.0,0,1
2023-02-05,Vaughan,8.65,0.0,0,1
2023-02-06,Vaughan,46.18,2.67,0,0
2023-02-07,Vaughan,-9.34,0.34,0,0
2023-02-08,Vaughan,21.37,7.81,0,0
2023-02-09,Vaughan,5.36,1.41,0,0
2023-02-10,Vaughan,18.47,0.0,0,0
2023-02-11,Vaughan,15.21,3.43,0,1
2023-02-12,Vaughan,18.0,1.81,0,1
2023-02-13,Vaughan,-13.47,3.14,0,0
2023-02-14,Vaughan,-3.14,10.63,0,0
2023-02-15,Vaughan,36.32,0.0,0,0
2023-02-16,Vaughan,-2.83,0.0,0,0
2023-02-17,Vaughan,21.03,0.0,0,0
2023-02-18,Vaughan,14.06,0.0,0,1
2023-02-19,Vaughan,-14.03,3.05,0,1
2023-02-20,Vaughan,29.33,1.86,0,0
2023-02-21,Vaughan,-5.4,1.26,0,0
2023-02-22,Vaughan,17.7,0.99,0,0
2023-02-23,Vaughan,-6.48,12.1,0,0
2023-02-24,Vaughan,-12.69,13.37,0,0
2023-02-25,Vaughan,8.61,6.49,0,1
2023-02-26,Vaughan,13.23,0.0,0,1
2023-02-27,Vaughan,29.93,5.08,0,0
2023-02-28,Vaughan,8.57,5.64,0,0
2023-03-01,Vaughan,7.94,0.0,0,0
2023-03-02,Vaughan,-15.66,1.89,0,0
2023-03-03,Vaughan,5.24,1.55,0,0
2023-03-04,Vaughan,4.9,0.0,0,1
2023-03-05,Vaughan,-10.74,0.0,0,1
2023-03-06,Vaughan,21.31,0.0,0,0
2023-03-07,Vaughan,25.63,0.0,0,0
2023-03-08,Vaughan,27.78,0.0,0,0
2023-03-09,Vaughan,5.38,0.5,0,0
2023-03-10,Vaughan,18.73,3.26,0,0
2023-03-11,Vaughan,12.09,1.6,0,1
2023-03-12,Vaughan,1.46,7.48,0,1
2023-03-13,Vaughan,11.29,4.87,0,0
2023-03-14,Vaughan,13.0,0.0,0,0
2023-03-15,Vaughan,45.93,8.15,0,0
2023-03-16,Vaughan,1.9,12.26,0,0
2023-03-17,Vaughan,23.91,0.0,0,0
2023-03-18,Vaughan,23.23,4.08,0,1
2023-03-19,Vaughan,12.48,7.07,0,1
2023-03-20,Vaughan,15.11,0.0,0,0
2023-03-21,Vaughan,-10.3,0.0,0,0
2023-03-22,Vaughan,39.93,5.26,0,0
2023-03-23,Vaughan,18.12,2.54,0,0
2023-03-24,Vaughan,-3.82,0.0,0,0
2023-03-25,Vaughan,24.94,10.32,0,1
2023-03-26,Vaughan,20.16,0.0,0,1
2023-03-27,Vaughan,3.87,5.47,0,0
2023-03-28,Vaughan,8.25,1.21,0,0
2023-03-29,Vaughan,1.92,0.0,0,0
2023-03-30,Vaughan,8.2,0.0,0,0
2023-03-31,Vaughan,19.29,0.0,0,0
2023-04-01,Vaughan,25.98,0.0,0,1
2023-04-02,Vaughan,8.22,4.79,0,1
2023-04-03,Vaughan,5.68,0.0,0,0
2023-04-04,Vaughan,14.3,12.99,0,0
2023-04-05,Vaughan,21.82,0.0,0,0
2023-04-06,Vaughan,4.72,0.0,0,0
2023-04-07,Vaughan,-5.47,5.0,0,0
2023-04-08,Vaughan,5.11,3.59,0,1
2023-04-09,Vaughan,-29.22,5.45,0,1
2023-04-10,Vaughan,1.12,0.0,0,0
2023-04-11,Vaughan,-10.07,0.0,0,0
2023-04-12,Vaughan,3.58,6.44,0,0
2023-04-13,Vaughan,3.34,6.91,0,0
2023-04-14,Vaughan,14.38,11.1,0,0
2023-04-15,Vaughan,2.49,4.07,0,1
2023-04-16,Vaughan,28.73,5.15,0,1
2023-04-17,Vaughan,7.45,0.0,0,0
2023-04-18,Vaughan,-19.15,0.8,0,0
2023-04-19,Vaughan,-3.84,0.0,0,0
2023-04-20,Vaughan,10.78,0.0,0,0
2023-04-21,Vaughan,-4.89,3.94,0,0
2023-04-22,Vaughan,-8.98,1.77,0,1
2023-04-23,Vaughan,-11.03,4.63,0,1
2023-04-24,Vaughan,19.86,8.17,0,0
2023-04-25,Vaughan,28.68,3.37,0,0
2023-04-26,Vaughan,-16.43,2.01,0,0
2023-04-27,Vaughan,16.87,2.6,0,0
2023-04-28,Vaughan,34.94,8.49,0,0
2023-04-29,Vaughan,10.39,5.73,0,1
2023-04-30,Vaughan,-12.0,2.95,0,1
2023-05-01,Vaughan,-8.96,1.1,0,0
2023-05-02,Vaughan,-0.18,0.0,0,0
2023-05-03,Vaughan,-2.19,0.0,0,0
2023-05-04,Vaughan,1.42,5.17,0,0
2023-05-05,Vaughan,6.03,1.77,0,0
2023-05-06,Vaughan,14.37,3.44,0,1
2023-05-07,Vaughan,-6.03,0.68,0,1
2023-05-08,Vaughan,13.56,0.0,0,0
2023-05-09,Vaughan,-4.91,0.0,0,0
2023-05-10,Vaughan,13.03,0.53,0,0
2023-05-11,Vaughan,7.73,0.0,0,0
2023-05-12,Vaughan,11.06,2.6,0,0
2023-05-13,Vaughan,13.95,9.21,0,1
2023-05-14,Vaughan,-1.4,4.44,0,1
2023-05-15,Vaughan,15.02,4.28,0,0
2023-05-16,Vaughan,5.34,5.82,0,0
2023-05-17,Vaughan,-0.94,0.0,0,0
2023-05-18,Vaughan,7.22,0.85,0,0
2023-05-19,Vaughan,15.6,3.3,0,0
2023-05-20,Vaughan,14.03,8.61,0,1
2023-05-21,Vaughan,6.88,7.28,0,1
2023-05-22,Vaughan,-5.97,1.36,0,0
2023-05-23,Vaughan,8.99,0.0,0,0
2023-05-24,Vaughan,10.68,2.58,0,0
2023-05-25,Vaughan,18.96,4.41,0,0
2023-05-26,Vaughan,-9.16,7.98,0,0
2023-05-27,Vaughan,3.06,0.0,0,1
2023-05-28,Vaughan,17.35,6.26,0,1
2023-05-29,Vaughan,2.92,1.78,0,0
2023-05-30,Vaughan,23.67,0.0,0,0
2023-05-31,Vaughan,-31.98,4.69,0,0
2023-06-01,Vaughan,23.73,0.0,0,0
2023-06-02,Vaughan,9.7,0.0,0,0
2023-06-03,Vaughan,11.93,0.0,0,1
2023-06-04,Vaughan,-9.01,4.24,0,1
2023-06-05,Vaughan,8.0,9.52,0,0
2023-06-06,Vaughan,18.83,0.0,0,0
2023-06-07,Vaughan,20.79,10.54,0,0
2023-06-08,Vaughan,8.92,4.01,0,0
2023-06-09,Vaughan,22.38,1.17,0,0
2023-06-10,Vaughan,-21.73,4.78,0,1
2023-06-11,Vaughan,22.0,9.32,0,1
2023-06-12,Vaughan,-6.5,0.0,0,0
2023-06-13,Vaughan,-0.34,1.16,0,0
2023-06-14,Vaughan,18.08,0.0,0,0
2023-06-15,Vaughan,24.24,6.49,0,0
2023-06-16,Vaughan,23.91,0.45,0,0
2023-06-17,Vaughan,-23.53,10.01,0,1
2023-06-18,Vaughan,1.11,5.59,0,1
2023-06-19,Vaughan,11.83,7.64,0,0
2023-06-20,Vaughan,9.23,2.34,0,0
2023-06-21,Vaughan,12.7,4.09,0,0
2023-06-22,Vaughan,-8.53,11.38,0,0
2023-06-23,Vaughan,8.94,4.88,0,0
2023-06-24,Vaughan,32.74,1.96,0,1
2023-06-25,Vaughan,-4.94,0.0,0,1
2023-06-26,Vaughan,3.25,3.67,0,0
2023-06-27,Vaughan,16.57,7.65,0,0
2023-06-28,Vaughan,-13.05,3.11,0,0
2023-06-29,Vaughan,19.24,4.89,0,0
2023-06-30,Vaughan,-26.25,0.14,0,0
2023-07-01,Vaughan,22.21,0.0,0,1
2023-07-02,Vaughan,-7.79,4.82,0,1
2023-07-03,Vaughan,14.49,3.15,0,0
2023-07-04,Vaughan,0.31,0.0,0,0
2023-07-05,Vaughan,24.24,18.69,0,0
2023-07-06,Vaughan,-14.3,7.1,0,0
2023-07-07,Vaughan,7.43,3.59,0,0
2023-07-08,Vaughan,9.1,12.98,0,1
2023-07-09,Vaughan,-2.03,0.0,0,1
2023-07-10,Vaughan,11.14,4.84,0,0
2023-07-11,Vaughan,30.02,4.46,0,0
2023-07-12,Vaughan,13.38,0.0,0,0
2023-07-13,Vaughan,17.69,0.0,0,0
2023-07-14,Vaughan,13.03,0.91,0,0
2023-07-15,Vaughan,-4.74,9.79,0,1
2023-07-16,Vaughan,-4.69,0.03,0,1
2023-07-17,Vaughan,-13.77,1.16,0,0
2023-07-18,Vaughan,16.5,0.0,0,0
2023-07-19,Vaughan,-17.29,0.12,0,0
2023-07-20,Vaughan,7.65,0.82,0,0
2023-07-21,Vaughan,33.78,3.67,0,0
2023-07-22,Vaughan,13.85,3.65,0,1
2023-07-23,Vaughan,14.85,0.0,0,1
2023-07-24,Vaughan,-4.03,14.36,0,0
2023-07-25,Vaughan,7.81,2.11,0,0
2023-07-26,Vaughan,10.68,0.0,0,0
2023-07-27,Vaughan,12.68,0.0,0,0
2023-07-28,Vaughan,20.74,0.72,0,0
2023-07-29,Vaughan,26.92,4.59,0,1
2023-07-30,Vaughan,15.91,0.0,0,1
2023-07-31,Vaughan,11.05,5.78,0,0
2023-08-01,Vaughan,11.75,0.0,0,0
2023-08-02,Vaughan,24.78,5.78,0,0
2023-08-03,Vaughan,-12.51,2.63,0,0
2023-08-04,Vaughan,22.23,0.0,0,0
2023-08-05,Vaughan,-9.88,0.0,0,1
2023-08-06,Vaughan,8.37,6.65,0,1
2023-08-07,Vaughan,-6.31,0.0,0,0
2023-08-08,Vaughan,5.45,5.44,0,0
2023-08-09,Vaughan,36.31,2.44,0,0
2023-08-10,Vaughan,-0.12,0.0,0,0
2023-08-11,Vaughan,30.58,0.0,0,0
2023-08-12,Vaughan,12.91,8.59,0,1
2023-08-13,Vaughan,7.63,0.0,0,1
2023-08-14,Vaughan,17.94,2.52,0,0
2023-08-15,Vaughan,17.06,4.89,0,0
2023-08-16,Vaughan,17.77,3.48,0,0
2023-08-17,Vaughan,20.15,8.75,0,0
2023-08-18,Vaughan,-1.75,0.67,0,0
2023-08-19,Vaughan,21.91,1.64,0,1
2023-08-20,Vaughan,-8.96,3.66,0,1
2023-08-21,Vaughan,2.63,12.6,0,0
2023-08-22,Vaughan,24.9,7.8,0,0
2023-08-23,Vaughan,10.63,3.55,0,0
2023-08-24,Vaughan,4.86,0.0,0,0
2023-08-25,Vaughan,-3.68,12.68,0,0
2023-08-26,Vaughan,15.95,0.0,0,1
2023-08-27,Vaughan,24.42,15.12,0,1
2023-08-28,Vaughan,-13.03,5.0,0,0
2023-08-29,Vaughan,-6.84,7.78,0,0
2023-08-30,Vaughan,-22.09,2.39,0,0
2023-08-31,Vaughan,16.66,0.0,0,0
2023-09-01,Vaughan,16.66,0.0,0,0
2023-09-02,Vaughan,35.85,0.0,0,1
2023-09-03,Vaughan,23.63,1.5,0,1
2023-09-04,Vaughan,29.4,8.58,0,0
2023-09-05,Vaughan,6.23,1.78,0,0
2023-09-06,Vaughan,23.63,4.61,0,0
2023-09-07,Vaughan,8.24,0.0,0,0
2023-09-08,Vaughan,15.48,0.0,0,0
2023-09-09,Vaughan,19.72,7.55,0,1
2023-09-10,Vaughan,-2.39,0.0,0,1
2023-09-11,Vaughan,0.54,7.27,0,0
2023-09-12,Vaughan,10.82,0.17,0,0
2023-09-13,Vaughan,19.71,0.0,0,0
2023-09-14,Vaughan,6.94,0.0,0,0
2023-09-15,Vaughan,22.58,0.0,0,0
2023-09-16,Vaughan,31.49,3.19,0,1
2023-09-17,Vaughan,7.65,1.93,0,1
2023-09-18,Vaughan,35.65,0.0,0,0
2023-09-19,Vaughan,-9.08,6.8,0,0
2023-09-20,Vaughan,-3.82,0.0,0,0
2023-09-21,Vaughan,3.35,7.63,0,0
2023-09-22,Vaughan,22.14,1.29,0,0
2023-09-23,Vaughan,16.01,3.88,0,1
2023-09-24,Vaughan,-5.04,0.0,0,1
2023-09-25,Vaughan,-20.55,9.45,0,0
2023-09-26,Vaughan,-0.05,2.07,0,0
2023-09-27,Vaughan,18.08,0.0,0,0
2023-09-28,Vaughan,-2.71,0.0,0,0
2023-09-29,Vaughan,-33.45,1.67,0,0
2023-09-30,Vaughan,45.06,0.0,0,1
2023-10-01,Vaughan,2.47,0.15,0,1
2023-10-02,Vaughan,14.67,6.41,0,0
2023-10-03,Vaughan,-2.52,4.31,0,0
2023-10-04,Vaughan,8.71,3.49,0,0
2023-10-05,Vaughan,16.77,0.0,0,0
2023-10-06,Vaughan,2.11,4.31,0,0
2023-10-07,Vaughan,7.9,5.96,0,1
2023-10-08,Vaughan,6.66,7.05,0,1
2023-10-09,Vaughan,-19.44,3.62,0,0
2023-10-10,Vaughan,-9.34,7.61,0,0
2023-10-11,Vaughan,7.76,0.3,0,0
2023-10-12,Vaughan,-2.39,5.32,0,0
2023-10-13,Vaughan,18.52,0.59,0,0
2023-10-14,Vaughan,19.98,3.1,0,1
2023-10-15,Vaughan,11.29,5.91,0,1
2023-10-16,Vaughan,37.17,3.41,0,0
2023-10-17,Vaughan,14.25,6.59,0,0
2023-10-18,Vaughan,-4.29,1.08,0,0
2023-10-19,Vaughan,4.21,3.5,0,0
2023-10-20,Vaughan,13.25,10.79,0,0
2023-10-21,Vaughan,32.49,0.0,0,1
2023-10-22,Vaughan,15.36,5.54,0,1
2023-10-23,Vaughan,11.26,0.0,0,0
2023-10-24,Vaughan,30.68,3.65,0,0
2023-10-25,Vaughan,-5.65,6.88,0,0
2023-10-26,Vaughan,17.02,0.0,0,0
2023-10-27,Vaughan,-1.45,0.0,0,0
2023-10-28,Vaughan,27.76,4.95,0,1
2023-10-29,Vaughan,24.34,3.02,0,1
2023-10-30,Vaughan,-0.22,0.0,0,0
2023-10-31,Vaughan,26.1,4.23,0,0
2023-11-01,Vaughan,6.01,2.11,0,0
2023-11-02,Vaughan,24.97,4.82,0,0
2023-11-03,Vaughan,8.62,1.77,0,0
2023-11-04,Vaughan,1.14,2.12,0,1
2023-11-05,Vaughan,5.68,1.75,0,1
2023-11-06,Vaughan,1.88,0.0,0,0
2023-11-07,Vaughan,24.31,4.87,0,0
2023-11-08,Vaughan,6.02,0.39,0,0
2023-11-09,Vaughan,-10.83,7.33,0,0
2023-11-10,Vaughan,28.81,1.56,0,0
2023-11-11,Vaughan,14.9,0.0,0,1
2023-11-12,Vaughan,11.28,0.0,0,1
2023-11-13,Vaughan,-0.27,0.56,0,0
2023-11-14,Vaughan,3.64,1.36,0,0
2023-11-15,Vaughan,25.85,0.0,0,0
2023-11-16,Vaughan,2.0,5.16,0,0
2023-11-17,Vaughan,12.92,0.0,0,0
2023-11-18,Vaughan,41.58,15.48,0,1
2023-11-19,Vaughan,9.77,0.0,0,1
2023-11-20,Vaughan,6.23,0.0,0,0
2023-11-21,Vaughan,16.01,4.88,0,0
2023-11-22,Vaughan,24.78,4.0,0,0
2023-11-23,Vaughan,13.43,0.0,0,0
2023-11-24,Vaughan,-8.34,0.0,0,0
2023-11-25,Vaughan,11.21,6.32,0,1
2023-11-26,Vaughan,27.28,6.19,0,1
2023-11-27,Vaughan,4.49,11.3,0,0
2023-11-28,Vaughan,-4.23,0.0,0,0
2023-11-29,Vaughan,21.5,9.03,0,0
2023-11-30,Vaughan,36.89,6.99,0,0
2023-12-01,Vaughan,21.02,6.06,0,0
2023-12-02,Vaughan,5.83,0.0,0,1
2023-12-03,Vaughan,14.12,0.0,0,1
2023-12-04,Vaughan,5.37,0.0,0,0
2023-12-05,Vaughan,18.75,3.1,0,0
2023-12-06,Vaughan,32.3,6.11,0,0
2023-12-07,Vaughan,0.41,5.36,0,0
2023-12-08,Vaughan,-15.91,5.66,0,0
2023-12-09,Vaughan,-1.19,0.0,0,1
2023-12-10,Vaughan,30.14,3.95,0,1
2023-12-11,Vaughan,7.1,7.08,0,0
2023-12-12,Vaughan,32.1,0.0,0,0
2023-12-13,Vaughan,-0.71,6.06,0,0
2023-12-14,Vaughan,14.6,0.0,0,0
2023-12-15,Vaughan,36.74,0.0,0,0
2023-12-16,Vaughan,-5.07,2.06,0,1
2023-12-17,Vaughan,23.53,7.67,0,1
2023-12-18,Vaughan,10.86,14.68,0,0
2023-12-19,Vaughan,52.35,4.24,0,0
2023-12-20,Vaughan,9.07,0.32,0,0
2023-12-21,Vaughan,7.71,9.48,0,0
2023-12-22,Vaughan,15.04,6.35,0,0
2023-12-23,Vaughan,20.41,5.03,0,1
2023-12-24,Vaughan,26.34,6.14,1,1
2023-12-25,Vaughan,17.15,11.22,1,0
2023-12-26,Vaughan,-9.79,3.42,0,0
2023-12-27,Vaughan,2.09,6.6,0,0
2023-12-28,Vaughan,-14.51,3.17,0,0
2023-12-29,Vaughan,17.24,8.11,0,0
2023-12-30,Vaughan,3.66,15.95,0,1
2023-12-31,Vaughan,1.2,0.0,1,1
2024-01-01,Vaughan,19.09,1.36,0,0
2024-01-02,Vaughan,37.62,0.0,0,0
2024-01-03,Vaughan,10.54,6.09,0,0
2024-01-04,Vaughan,0.0,0.0,0,0
2024-01-05,Vaughan,31.72,0.0,0,0
2024-01-06,Vaughan,25.66,0.0,0,1
2024-01-07,Vaughan,5.22,5.79,0,1
2024-01-08,Vaughan,15.31,0.0,0,0
2024-01-09,Vaughan,17.96,0.0,0,0
2024-01-10,Vaughan,-8.0,10.73,0,0
2024-01-11,Vaughan,7.45,5.59,0,0
2024-01-12,Vaughan,20.33,0.28,0,0
2024-01-13,Vaughan,11.76,0.0,0,1
2024-01-14,Vaughan,11.95,0.0,0,1
2024-01-15,Vaughan,41.38,0.0,0,0
2024-01-16,Vaughan,17.7,0.63,0,0
2024-01-17,Vaughan,22.2,0.0,0,0
2024-01-18,Vaughan,8.02,4.96,0,0
2024-01-19,Vaughan,13.53,4.48,0,0
2024-01-20,Vaughan,-2.44,0.27,0,1
2024-01-21,Vaughan,9.72,5.9,0,1
2024-01-22,Vaughan,30.95,0.0,0,0
2024-01-23,Vaughan,5.21,0.0,0,0
2024-01-24,Vaughan,-1.6,3.33,0,0
2024-01-25,Vaughan,10.49,0.0,0,0
2024-01-26,Vaughan,-7.56,4.31,0,0
2024-01-27,Vaughan,-6.37,0.0,0,1
2024-01-28,Vaughan,23.85,2.86,0,1
2024-01-29,Vaughan,33.21,1.47,0,0
2024-01-30,Vaughan,43.49,1.08,0,0
2024-01-31,Vaughan,27.97,0.0,0,0
2024-02-01,Vaughan,0.25,10.46,0,0
2024-02-02,Vaughan,-0.43,0.91,0,0
2024-02-03,Vaughan,0.08,7.62,0,1
2024-02-04,Vaughan,-8.14,8.54,0,1
2024-02-05,Vaughan,13.67,2.93,0,0
2024-02-06,Vaughan,9.14,8.25,0,0
2024-02-07,Vaughan,6.71,0.0,0,0
2024-02-08,Vaughan,17.81,1.57,0,0
2024-02-09,Vaughan,39.41,6.56,0,0
2024-02-10,Vaughan,15.2,9.17,0,1
2024-02-11,Vaughan,-11.76,4.81,0,1
2024-02-12,Vaughan,11.53,0.98,0,0
2024-02-13,Vaughan,5.79,7.57,0,0
2024-02-14,Vaughan,-17.92,4.36,0,0
2024-02-15,Vaughan,-11.46,0.78,0,0
2024-02-16,Vaughan,9.25,10.08,0,0
2024-02-17,Vaughan,2.0,2.27,0,1
2024-02-18,Vaughan,-8.43,4.53,0,1
2024-02-19,Vaughan,-9.97,0.0,0,0
2024-02-20,Vaughan,-12.63,0.58,0,0
2024-02-21,Vaughan,6.49,7.67,0,0
2024-02-22,Vaughan,32.83,9.49,0,0
2024-02-23,Vaughan,27.26,12.38,0,0
2024-02-24,Vaughan,16.83,4.35,0,1
2024-02-25,Vaughan,37.41,0.0,0,1
2024-02-26,Vaughan,24.1,1.76,0,0
2024-02-27,Vaughan,30.0,7.91,0,0
2024-02-28,Vaughan,7.53,0.0,0,0
2024-02-29,Vaughan,30.24,0.0,0,0
2024-03-01,Vaughan,11.82,0.0,0,0
2024-03-02,Vaughan,4.59,7.08,0,1
2024-03-03,Vaughan,15.78,0.0,0,1
2024-03-04,Vaughan,-18.18,5.44,0,0
2024-03-05,Vaughan,3.77,2.87,0,0
2024-03-06,Vaughan,7.95,0.0,0,0
2024-03-07,Vaughan,19.3,0.0,0,0
2024-03-08,Vaughan,12.24,4.07,0,0
2024-03-09,Vaughan,30.21,2.26,0,1
2024-03-10,Vaughan,-7.88,5.37,0,1
2024-03-11,Vaughan,-3.32,0.0,0,0
2024-03-12,Vaughan,2.5,1.08,0,0
2024-03-13,Vaughan,29.39,5.26,0,0
2024-03-14,Vaughan,-6.5,9.56,0,0
2024-03-15,Vaughan,25.92,4.08,0,0
2024-03-16,Vaughan,-24.76,0.0,0,1
2024-03-17,Vaughan,10.14,10.28,0,1
2024-03-18,Vaughan,29.88,0.0,0,0
2024-03-19,Vaughan,-15.2,1.09,0,0
2024-03-20,Vaughan,12.11,0.0,0,0
2024-03-21,Vaughan,-3.06,12.58,0,0
2024-03-22,Vaughan,4.39,0.5,0,0
2024-03-23,Vaughan,52.39,0.31,0,1
2024-03-24,Vaughan,-5.17,0.0,0,1
2024-03-25,Vaughan,14.37,0.0,0,0
2024-03-26,Vaughan,8.05,1.79,0,0
2024-03-27,Vaughan,57.22,5.56,0,0
2024-03-28,Vaughan,-4.27,1.13,0,0
2024-03-29,Vaughan,22.05,7.41,0,0
2024-03-30,Vaughan,-14.07,0.0,0,1
2024-03-31,Vaughan,17.05,0.0,0,1
2024-04-01,Vaughan,-1.67,2.94,0,0
2024-04-02,Vaughan,21.86,0.81,0,0
2024-04-03,Vaughan,-19.15,0.0,0,0
2024-04-04,Vaughan,-7.41,4.81,0,0
2024-04-05,Vaughan,40.76,3.44,0,0
2024-04-06,Vaughan,16.62,6.07,0,1
2024-04-07,Vaughan,30.22,0.0,0,1
2024-04-08,Vaughan,9.21,6.74,0,0
2024-04-09,Vaughan,-4.13,0.0,0,0
2024-04-10,Vaughan,3.02,8.28,0,0
2024-04-11,Vaughan,12.11,0.0,0,0
2024-04-12,Vaughan,25.24,4.77,0,0
2024-04-13,Vaughan,-1.65,1.05,0,1
2024-04-14,Vaughan,-5.36,2.72,0,1
2024-04-15,Vaughan,19.55,0.0,0,0
2024-04-16,Vaughan,-5.3,10.39,0,0
2024-04-17,Vaughan,4.97,10.29,0,0
2024-04-18,Vaughan,-9.13,0.0,0,0
2024-04-19,Vaughan,13.26,0.41,0,0
2024-04-20,Vaughan,28.98,1.41,0,1
2024-04-21,Vaughan,20.68,0.0,0,1
2024-04-22,Vaughan,13.97,0.43,0,0
2024-04-23,Vaughan,-5.02,4.33,0,0
2024-04-24,Vaughan,30.43,0.0,0,0
2024-04-25,Vaughan,16.34,0.92,0,0
2024-04-26,Vaughan,11.61,6.2,0,0
2024-04-27,Vaughan,31.63,8.21,0,1
2024-04-28,Vaughan,-1.24,0.0,0,1
2024-04-29,Vaughan,-20.17,5.17,0,0
2024-04-30,Vaughan,2.11,7.31,0,0
2024-05-01,Vaughan,-5.52,4.23,0,0
2024-05-02,Vaughan,-16.55,4.52,0,0
2024-05-03,Vaughan,15.87,0.0,0,0
2024-05-04,Vaughan,12.88,12.35,0,1
2024-05-05,Vaughan,20.32,16.78,0,1
2024-05-06,Vaughan,12.3,4.89,0,0
2024-05-07,Vaughan,2.86,3.23,0,0
2024-05-08,Vaughan,-4.64,6.53,0,0
2024-05-09,Vaughan,-2.08,10.33,0,0
2024-05-10,Vaughan,-10.19,0.48,0,0
2024-05-11,Vaughan,6.27,0.0,0,1
2024-05-12,Vaughan,13.52,0.0,0,1
2024-05-13,Vaughan,31.06,0.0,0,0
2024-05-14,Vaughan,16.32,1.57,0,0
2024-05-15,Vaughan,6.8,2.46,0,0
2024-05-16,Vaughan,20.62,0.0,0,0
2024-05-17,Vaughan,10.71,0.0,0,0
2024-05-18,Vaughan,-1.25,3.22,0,1
2024-05-19,Vaughan,26.5,9.76,0,1
2024-05-20,Vaughan,1.27,0.0,0,0
2024-05-21,Vaughan,11.05,0.0,0,0
2024-05-22,Vaughan,16.62,0.0,0,0
2024-05-23,Vaughan,15.14,0.0,0,0
2024-05-24,Vaughan,-7.46,0.0,0,0
2024-05-25,Vaughan,15.96,0.0,0,1
2024-05-26,Vaughan,18.19,10.89,0,1
2024-05-27,Vaughan,35.07,0.0,0,0
2024-05-28,Vaughan,-10.21,4.41,0,0
2024-05-29,Vaughan,-6.02,5.09,0,0
2024-05-30,Vaughan,-15.65,1.64,0,0
2024-05-31,Vaughan,24.16,0.0,0,0
2024-06-01,Vaughan,8.25,1.35,0,1
2024-06-02,Vaughan,19.1,0.0,0,1
2024-06-03,Vaughan,-11.42,0.0,0,0
2024-06-04,Vaughan,29.88,6.17,0,0
2024-06-05,Vaughan,9.63,1.74,0,0
2024-06-06,Vaughan,16.38,6.83,0,0
2024-06-07,Vaughan,-20.26,0.0,0,0
2024-06-08,Vaughan,-18.89,0.27,0,1
2024-06-09,Vaughan,12.73,7.06,0,1
2024-06-10,Vaughan,-33.66,0.0,0,0
2024-06-11,Vaughan,11.96,3.27,0,0
2024-06-12,Vaughan,7.0,0.0,0,0
2024-06-13,Vaughan,-0.49,1.32,0,0
2024-06-14,Vaughan,-15.75,0.0,0,0
2024-06-15,Vaughan,-10.71,4.51,0,1
2024-06-16,Vaughan,-3.72,0.0,0,1
2024-06-17,Vaughan,2.24,5.76,0,0
2024-06-18,Vaughan,9.66,7.51,0,0
2024-06-19,Vaughan,24.23,0.0,0,0
2024-06-20,Vaughan,12.02,7.49,0,0
2024-06-21,Vaughan,2.76,3.2,0,0
2024-06-22,Vaughan,-3.53,0.87,0,1
2024-06-23,Vaughan,6.13,5.14,0,1
2024-06-24,Vaughan,4.25,3.08,0,0
2024-06-25,Vaughan,15.72,0.0,0,0
2024-06-26,Vaughan,3.96,4.32,0,0
2024-06-27,Vaughan,37.58,0.0,0,0
2024-06-28,Vaughan,17.88,8.07,0,0
2024-06-29,Vaughan,11.43,0.0,0,1
2024-06-30,Vaughan,9.21,0.0,0,1
2024-07-01,Vaughan,2.46,3.93,0,0
2024-07-02,Vaughan,9.09,2.98,0,0
2024-07-03,Vaughan,-7.54,0.0,0,0
2024-07-04,Vaughan,19.2,0.0,0,0
2024-07-05,Vaughan,-9.89,0.47,0,0
2024-07-06,Vaughan,2.24,5.85,0,1
2024-07-07,Vaughan,-25.92,1.59,0,1
2024-07-08,Vaughan,30.56,3.64,0,0
2024-07-09,Vaughan,-13.01,14.14,0,0
2024-07-10,Vaughan,1.8,0.0,0,0
2024-07-11,Vaughan,22.18,0.0,0,0
2024-07-12,Vaughan,38.07,5.61,0,0
2024-07-13,Vaughan,41.97,0.0,0,1
2024-07-14,Vaughan,29.17,0.0,0,1
2024-07-15,Vaughan,15.15,2.86,0,0
2024-07-16,Vaughan,30.81,6.05,0,0
2024-07-17,Vaughan,3.03,7.44,0,0
2024-07-18,Vaughan,8.62,5.47,0,0
2024-07-19,Vaughan,14.43,0.93,0,0
2024-07-20,Vaughan,-9.85,3.02,0,1
2024-07-21,Vaughan,-0.13,0.0,0,1
2024-07-22,Vaughan,22.46,0.0,0,0
2024-07-23,Vaughan,-17.08,2.01,0,0
2024-07-24,Vaughan,7.72,1.69,0,0
2024-07-25,Vaughan,9.06,0.0,0,0
2024-07-26,Vaughan,4.01,7.2,0,0
2024-07-27,Vaughan,22.82,0.23,0,1
2024-07-28,Vaughan,18.78,2.47,0,1
2024-07-29,Vaughan,5.05,8.23,0,0
2024-07-30,Vaughan,-3.42,3.53,0,0
2024-07-31,Vaughan,-14.95,3.8,0,0
2024-08-01,Vaughan,0.1,0.09,0,0
2024-08-02,Vaughan,5.63,0.0,0,0
2024-08-03,Vaughan,-14.21,6.15,0,1
2024-08-04,Vaughan,11.57,9.29,0,1
2024-08-05,Vaughan,-10.52,6.26,0,0
2024-08-06,Vaughan,16.91,7.82,0,0
2024-08-07,Vaughan,8.39,2.57,0,0
2024-08-08,Vaughan,-3.16,0.65,0,0
2024-08-09,Vaughan,2.63,0.0,0,0
2024-08-10,Vaughan,12.04,6.71,0,1
2024-08-11,Vaughan,27.7,0.0,0,1
2024-08-12,Vaughan,9.45,1.33,0,0
2024-08-13,Vaughan,32.12,10.93,0,0
2024-08-14,Vaughan,-9.57,4.43,0,0
2024-08-15,Vaughan,17.97,1.0,0,0
2024-08-16,Vaughan,-8.94,5.53,0,0
2024-08-17,Vaughan,28.24,0.0,0,1
2024-08-18,Vaughan,27.95,2.02,0,1
2024-08-19,Vaughan,31.33,9.1,0,0
2024-08-20,Vaughan,9.65,4.09,0,0
2024-08-21,Vaughan,-0.54,0.0,0,0
2024-08-22,Vaughan,13.76,0.0,0,0
2024-08-23,Vaughan,41.4,7.69,0,0
2024-08-24,Vaughan,7.73,15.34,0,1
2024-08-25,Vaughan,0.54,0.04,0,1
2024-08-26,Vaughan,3.93,1.68,0,0
2024-08-27,Vaughan,5.35,4.28,0,0
2024-08-28,Vaughan,-4.98,2.64,0,0
2024-08-29,Vaughan,1.86,2.31,0,0
2024-08-30,Vaughan,-6.24,0.0,0,0
2024-08-31,Vaughan,41.88,0.0,0,1
2024-09-01,Vaughan,17.85,0.0,0,1
2024-09-02,Vaughan,-5.26,2.32,0,0
2024-09-03,Vaughan,-3.03,4.59,0,0
2024-09-04,Vaughan,8.13,8.68,0,0
2024-09-05,Vaughan,-9.58,3.38,0,0
2024-09-06,Vaughan,15.56,0.0,0,0
2024-09-07,Vaughan,0.04,0.0,0,1
2024-09-08,Vaughan,-13.4,1.41,0,1
2024-09-09,Vaughan,22.1,1.34,0,0
2024-09-10,Vaughan,8.65,0.0,0,0
2024-09-11,Vaughan,-21.52,3.71,0,0
2024-09-12,Vaughan,0.09,0.0,0,0
2024-09-13,Vaughan,1.84,3.25,0,0
2024-09-14,Vaughan,16.04,2.99,0,1
2024-09-15,Vaughan,-0.43,4.97,0,1
2024-09-16,Vaughan,9.69,0.0,0,0
2024-09-17,Vaughan,-6.76,2.98,0,0
2024-09-18,Vaughan,23.03,4.97,0,0
2024-09-19,Vaughan,12.45,5.17,0,0
2024-09-20,Vaughan,45.57,3.44,0,0
2024-09-21,Vaughan,12.36,4.72,0,1
2024-09-22,Vaughan,21.25,0.0,0,1
2024-09-23,Vaughan,12.66,7.02,0,0
2024-09-24,Vaughan,36.18,2.1,0,0
2024-09-25,Vaughan,3.19,2.82,0,0
2024-09-26,Vaughan,0.34,9.85,0,0
2024-09-27,Vaughan,17.21,1.74,0,0
2024-09-28,Vaughan,26.7,0.0,0,1
2024-09-29,Vaughan,-21.08,4.11,0,1
2024-09-30,Vaughan,26.11,1.29,0,0
2024-10-01,Vaughan,-0.19,0.0,0,0
2024-10-02,Vaughan,-8.52,5.33,0,0
2024-10-03,Vaughan,22.27,6.59,0,0
2024-10-04,Vaughan,10.11,0.0,0,0
2024-10-05,Vaughan,-0.72,4.99,0,1
2024-10-06,Vaughan,-5.56,1.49,0,1
2024-10-07,Vaughan,-5.26,0.0,0,0
2024-10-08,Vaughan,-7.28,2.08,0,0
2024-10-09,Vaughan,-11.95,0.0,0,0
2024-10-10,Vaughan,22.77,7.24,0,0
2024-10-11,Vaughan,20.06,9.08,0,0
2024-10-12,Vaughan,-9.79,1.54,0,1
2024-10-13,Vaughan,11.13,11.76,0,1
2024-10-14,Vaughan,6.44,6.01,0,0
2024-10-15,Vaughan,35.4,2.65,0,0
2024-10-16,Vaughan,2.96,0.09,0,0
2024-10-17,Vaughan,-15.67,0.0,0,0
2024-10-18,Vaughan,-11.32,5.91,0,0
2024-10-19,Vaughan,-13.43,3.96,0,1
2024-10-20,Vaughan,27.07,5.64,0,1
2024-10-21,Vaughan,2.75,5.82,0,0
2024-10-22,Vaughan,10.15,0.0,0,0
2024-10-23,Vaughan,4.55,4.21,0,0
2024-10-24,Vaughan,-13.35,0.0,0,0
2024-10-25,Vaughan,15.62,0.0,0,0
2024-10-26,Vaughan,-9.38,0.0,0,1
2024-10-27,Vaughan,12.58,4.41,0,1
2024-10-28,Vaughan,26.27,5.9,0,0
2024-10-29,Vaughan,21.54,0.0,0,0
2024-10-30,Vaughan,21.29,0.0,0,0
2024-10-31,Vaughan,-11.62,4.79,0,0
2024-11-01,Vaughan,12.68,6.42,0,0
2024-11-02,Vaughan,1.98,1.97,0,1
2024-11-03,Vaughan,-17.01,11.8,0,1
2024-11-04,Vaughan,-10.07,0.0,0,0
2024-11-05,Vaughan,-5.46,3.03,0,0
2024-11-06,Vaughan,-2.72,7.39,0,0
2024-11-07,Vaughan,14.72,0.0,0,0
2024-11-08,Vaughan,21.7,6.56,0,0
2024-11-09,Vaughan,-0.93,0.0,0,1
2024-11-10,Vaughan,15.98,5.29,0,1
2024-11-11,Vaughan,-5.05,6.62,0,0
2024-11-12,Vaughan,1.39,7.92,0,0
2024-11-13,Vaughan,-13.7,0.0,0,0
2024-11-14,Vaughan,6.87,0.0,0,0
2024-11-15,Vaughan,9.53,0.27,0,0
2024-11-16,Vaughan,6.85,0.0,0,1
2024-11-17,Vaughan,-9.36,1.89,0,1
2024-11-18,Vaughan,8.12,0.0,0,0
2024-11-19,Vaughan,28.74,3.57,0,0
2024-11-20,Vaughan,20.79,0.0,0,0
2024-11-21,Vaughan,-24.63,10.72,0,0
2024-11-22,Vaughan,12.53,3.82,0,0
2024-11-23,Vaughan,14.81,4.0,0,1
2024-11-24,Vaughan,-5.96,0.0,0,1
2024-11-25,Vaughan,-5.39,4.76,0,0
2024-11-26,Vaughan,-8.2,0.0,0,0
2024-11-27,Vaughan,0.36,0.64,0,0
2024-11-28,Vaughan,9.25,0.0,0,0
2024-11-29,Vaughan,17.26,7.83,0,0
2024-11-30,Vaughan,10.74,7.81,0,1
2024-12-01,Vaughan,18.25,0.0,0,1
2024-12-02,Vaughan,-2.7,0.0,0,0
2024-12-03,Vaughan,7.14,0.61,0,0
2024-12-04,Vaughan,18.92,1.22,0,0
2024-12-05,Vaughan,13.72,0.0,0,0
2024-12-06,Vaughan,13.62,0.0,0,0
2024-12-07,Vaughan,1.73,0.0,0,1
2024-12-08,Vaughan,32.67,0.0,0,1
2024-12-09,Vaughan,20.15,1.77,0,0
2024-12-10,Vaughan,-10.4,0.51,0,0
2024-12-11,Vaughan,-25.05,10.6,0,0
2024-12-12,Vaughan,4.48,7.58,0,0
2024-12-13,Vaughan,30.19,0.0,0,0
2024-12-14,Vaughan,10.44,2.93,0,1
2024-12-15,Vaughan,38.5,1.04,0,1
2024-12-16,Vaughan,9.19,0.0,0,0
2024-12-17,Vaughan,-3.41,0.0,0,0
2024-12-18,Vaughan,29.52,11.47,0,0
2024-12-19,Vaughan,17.52,3.75,0,0
2024-12-20,Vaughan,20.27,0.0,0,0
2024-12-21,Vaughan,30.85,0.0,0,1
2024-12-22,Vaughan,3.18,5.27,0,1
2024-12-23,Vaughan,2.78,14.34,0,0
2024-12-24,Vaughan,20.01,6.92,1,0
2024-12-25,Vaughan,-1.38,6.82,1,0
2024-12-26,Vaughan,22.15,9.82,0,0
2024-12-27,Vaughan,-22.88,0.0,0,0
2024-12-28,Vaughan,15.05,3.83,0,1
2024-12-29,Vaughan,9.32,0.0,0,1
2024-12-30,Vaughan,12.95,3.54,0,0
